userId,movieId,rating,timestamp
1,1,4.0,964982703
1,3,4.0,964981247
1,6,4.0,964982224
1,47,5.0,964983815
1,50,5.0,964982931
1,35,3.0,964982400
1,1,5.0,964980868
1,35,4.0,964982176
1,7,5.0,964984041
1,34,5.0,964984100
1,13,5.0,964983650
1,18,5.0,964981208
1,44,3.0,964980985
1,6,5.0,964981179
1,61,4.0,964980908
1,31,5.0,964981680
1,62,3.0,964982967
1,9,3.0,964982310
1,10,5.0,964981179
1,4,4.0,964982563
1,24,4.0,964980962
1,35,5.0,964982588
1,30,4.0,964981710
1,57,3.0,964982363
1,37,4.0,964980868
1,38,5.0,964981909
1,20,4.0,964982346
1,45,3.0,964981208
1,61,5.0,964984002
1,33,4.0,964981179
1,13,4.0,964982653
1,13,5.0,964984153
1,28,4.0,964982546
1,16,4.0,964982271
1,54,4.0,964983793
1,52,5.0,964982838
1,10,5.0,964982931
1,59,3.0,964982563
1,5,5.0,964982838
1,63,3.0,964981775
1,19,4.0,964982400
1,66,3.0,964982653
1,32,3.0,964984086
1,39,4.0,964980499
1,33,5.0,964982475
1,61,5.0,964981529
1,34,5.0,964982176
1,62,4.0,964983614
1,66,5.0,964983219
1,50,3.0,964981775
1,53,5.0,964982681
1,63,5.0,964982876
1,61,5.0,964982791
1,13,5.0,964982855
1,5,3.0,964982903
1,44,5.0,964982653
1,10,5.0,964982791
1,44,4.0,964981179
1,59,5.0,964982400
1,49,4.0,964980924
1,28,5.0,964981680
1,24,5.0,964981327
1,12,5.0,964982951
1,12,4.0,964984018
1,33,5.0,964983484
1,32,5.0,964981680
1,16,4.0,964982513
1,38,5.0,964981327
1,60,5.0,964981827
1,47,5.0,964981872
1,39,5.0,964981827
1,64,5.0,964983737
1,42,4.0,964983250
1,17,5.0,964980499
1,51,5.0,964982951
1,20,4.0,964981855
1,2,2.0,964983393
1,13,5.0,964981909
1,65,5.0,964981909
1,20,5.0,964984018
1,57,5.0,964983618
1,18,5.0,964983723
1,26,5.0,964981442
1,13,3.0,964983414
1,63,4.0,964983599
1,33,5.0,964983705
1,7,5.0,964982290
1,13,5.0,964983414
1,32,5.0,964982703
1,11,5.0,964981909
1,60,5.0,964984086
1,12,4.0,964983393
1,29,3.0,964982653
1,65,3.0,964983017
1,60,3.0,964982310
1,25,3.0,964984112
1,13,4.0,964980875
1,53,4.0,964980985
1,67,5.0,964981107
1,13,4.0,964982620
1,36,5.0,964982290
1,47,3.0,964981125
1,32,5.0,964982346
1,15,5.0,964982951
1,16,4.0,964983056
1,55,5.0,964983504
1,10,3.0,964983536
1,5,3.0,964982620
1,12,5.0,964981125
1,6,4.0,964981230
1,49,4.0,964981404
1,43,5.0,964983034
1,23,4.0,964983056
1,3,4.0,964981780
1,33,5.0,964981497
1,3,5.0,964982176
1,63,4.0,964981710
1,42,4.0,964982211
1,59,5.0,964981710
1,11,4.0,964984176
1,31,5.0,964980523
1,10,4.0,964981888
1,59,5.0,964982903
1,65,4.0,964982563
1,58,5.0,964982791
1,47,4.0,964981747
1,59,5.0,964982400
1,63,5.0,964982838
1,11,5.0,964982838
1,27,3.0,964981710
1,59,5.0,964982653
1,24,4.0,964982838
1,47,4.0,964982588
1,5,4.0,964981725
1,28,5.0,964982529
1,58,5.0,964982876
1,15,5.0,964982791
1,46,5.0,964982791
1,61,5.0,964982838
1,56,4.0,964981725
1,1,5.0,964981710
1,2,4.0,964981680
1,16,4.0,964981710
1,63,2.0,964981775
1,42,4.0,964982989
1,24,4.0,964982310
1,47,5.0,964983664
1,33,5.0,964983263
1,2,2.0,964983546
1,51,5.0,964983861
1,59,4.0,964982462
1,24,5.0,964983123
1,54,2.0,964983094
1,28,5.0,964981093
1,11,4.0,964982310
1,30,3.0,964982513
1,18,5.0,964982242
1,4,4.0,964982620
1,62,5.0,964983414
1,43,5.0,964982588
1,50,4.0,964984169
1,65,4.0,965719662
1,6,5.0,964981278
1,39,3.0,964982328
1,33,5.0,964982242
1,14,5.0,964981265
1,34,5.0,964981888
1,11,5.0,964983000
1,6,5.0,964981144
1,34,4.0,964983080
1,52,2.0,964982588
1,63,4.0,964980523
1,3,4.0,964982377
1,1,5.0,964982620
1,21,4.0,964983393
1,60,4.0,964983414
1,61,5.0,964983393
1,35,3.0,964983426
1,32,5.0,964981855
1,47,5.0,964980985
1,42,5.0,964983414
1,57,5.0,964982703
1,25,4.0,964981710
1,58,4.0,964980523
1,63,5.0,964980868
1,44,5.0,964981680
1,4,5.0,964982703
1,3,4.0,964982290
1,58,5.0,964981872
1,41,5.0,964982176
1,3,5.0,964982191
1,16,5.0,964981888
1,37,5.0,964983282
1,14,4.0,964983034
1,6,5.0,964982495
1,38,5.0,964982271
1,54,5.0,964982242
1,31,4.0,964980896
1,51,5.0,964983762
1,40,5.0,964982791
1,42,5.0,964981208
1,40,5.0,964984086
1,37,4.0,964981872
1,55,5.0,964983873
1,7,4.0,964982495
1,55,1.0,964983504
1,48,3.0,964981093
1,37,3.0,964983108
1,63,5.0,964981107
1,38,5.0,964983536
1,16,5.0,964983484
1,28,4.0,964981799
1,54,4.0,964981799
1,50,5.0,964982328
1,10,5.0,964984054
1,5,5.0,964981144
1,3,4.0,964981725
1,47,4.0,964981775
1,24,4.0,964982271
1,11,5.0,964980668
1,5,4.0,964980683
1,63,4.0,964982271
1,39,5.0,964981589
1,3,5.0,964983737
1,30,5.0,964981909
1,13,5.0,964982363
1,23,4.0,964982417
1,36,4.0,964980694
1,9,5.0,964981855
1,12,4.0,964981220
1,46,4.0,964982903
1,20,5.0,964984002
2,2,3.0,1445714835
2,27,4.0,1445715029
2,4,4.5,1445715228
2,17,4.0,1445714885
2,42,4.0,1445714952
2,52,3.5,1445714960
2,44,4.0,1445715013
2,2,4.0,1445715064
2,57,4.5,1445715141
2,26,5.0,1445714980
2,23,4.5,1445715154
2,54,3.0,1445714974
2,47,4.0,1445714926
2,12,3.0,1445714941
2,1,4.0,1445714841
2,43,4.5,1445715340
2,17,5.0,1445715172
2,12,4.0,1445715166
2,9,5.0,1445715189
2,54,3.5,1445714891
2,8,2.5,1445714938
2,13,3.5,1445714874
2,59,5.0,1445714966
2,55,3.0,1445715145
2,4,4.0,1445714882
2,3,2.0,1445715276
2,2,3.5,1445714854
2,3,5.0,1445715272
2,43,5.0,1445714851
3,31,0.5,1306463578
3,33,0.5,1306464275
3,10,0.5,1306463619
3,7,0.5,1306464228
3,9,0.5,1306463595
3,56,5.0,1306463611
3,59,0.5,1306463567
3,63,0.5,1306463627
3,40,0.5,1306464216
3,7,0.5,1306463569
3,9,0.5,1306463624
3,7,3.5,1306463323
3,28,0.5,1306464189
3,65,3.0,1306463561
3,15,4.5,1306464003
3,28,0.5,1306464175
3,50,0.5,1306463572
3,6,0.5,1306464261
3,55,2.0,1306463559
3,52,4.0,1306463631
3,62,0.5,1306464293
3,21,5.0,1306463925
3,30,4.5,1306464054
3,41,0.5,1306463638
3,27,5.0,1306463603
3,9,0.5,1306464245
3,60,5.0,1306463770
3,40,0.5,1306464284
3,65,5.0,1306463718
3,63,5.0,1306463708
3,53,4.5,1306464021
3,50,5.0,1306463825
3,57,0.5,1306464204
3,21,5.0,1306463670
3,63,4.5,1306464036
3,47,5.0,1306463684
3,20,4.5,1306463993
3,60,5.0,1306463815
3,8,0.5,1306464164
4,21,3.0,986935199
4,32,2.0,945173447
4,45,3.0,986935047
4,47,2.0,945173425
4,52,3.0,964622786
4,58,3.0,964538444
4,67,4.0,986848784
4,56,5.0,964622758
4,27,1.0,986848920
4,20,5.0,945078571
4,48,3.0,945078428
4,32,5.0,964622565
4,6,2.0,945079259
4,55,5.0,945079078
4,52,1.0,945629040
4,23,5.0,964622684
4,16,2.0,945173513
4,2,3.0,986848894
4,59,5.0,945079259
4,1,5.0,964538468
4,23,1.0,945173350
4,3,5.0,945079182
4,15,5.0,964538500
4,46,4.0,945629063
4,59,4.0,964622786
4,50,3.0,986934901
4,15,3.0,964623306
4,37,4.0,945078690
4,9,2.0,945078467
4,25,1.0,986934915
4,12,2.0,986848828
4,26,5.0,945079259
4,60,5.0,945174290
4,29,5.0,945079872
4,33,1.0,945079106
4,35,5.0,945078636
4,54,1.0,964538832
4,44,2.0,945079301
4,41,4.0,945079670
4,28,5.0,964539986
4,43,3.0,986848609
4,3,2.0,945078587
4,45,5.0,964540008
4,24,3.0,945079906
4,39,4.0,986935230
4,17,3.0,945078601
4,32,4.0,945079106
4,1,4.0,964622714
4,23,5.0,964623347
4,58,4.0,945079653
4,20,4.0,945078446
4,2,4.0,945079837
4,49,5.0,945173902
4,28,5.0,945173989
4,17,5.0,945173902
4,45,5.0,945079670
4,25,5.0,945079521
4,30,5.0,945173602
4,31,5.0,964538571
4,64,3.0,986849085
4,43,4.0,945079232
4,22,5.0,945173654
4,36,3.0,964540578
4,63,2.0,986934819
4,36,4.0,945079483
4,16,5.0,945173692
4,20,2.0,945078946
4,10,5.0,986934696
4,64,5.0,945079259
4,53,5.0,964539723
4,36,3.0,964538500
4,21,5.0,964539723
4,37,5.0,986934625
4,5,4.0,964539180
4,51,1.0,964778513
4,16,5.0,964538500
4,6,5.0,964538763
4,46,5.0,964538763
4,48,3.0,964538728
4,57,2.0,945078967
4,41,5.0,945174025
4,57,1.0,964539205
4,34,4.0,945079729
4,45,4.0,964539961
4,18,4.0,964539326
4,46,5.0,945174008
4,29,4.0,964538728
4,19,4.0,964622684
4,46,4.0,986849037
4,10,2.0,986934832
4,9,5.0,945079653
4,5,5.0,945078690
4,48,4.0,945079653
4,24,4.0,964538763
4,66,3.0,945078467
4,29,1.0,945173766
4,49,5.0,945079767
4,22,4.0,945173492
4,6,4.0,964622830
4,3,4.0,945079790
4,58,3.0,986935244
4,60,1.0,945079906
4,29,2.0,945079837
4,15,4.0,964622758
4,62,1.0,945629015
4,13,4.0,945079956
4,24,4.0,945079889
4,62,5.0,945079143
4,59,3.0,964539357
4,43,5.0,945174134
4,34,2.0,986849001
4,66,4.0,964622642
4,5,3.0,964622617
4,1,2.0,964539431
4,41,4.0,945629179
4,41,3.0,964540505
4,30,4.0,964622714
4,26,1.0,986934786
4,51,3.0,986934870
4,43,5.0,945079653
4,31,2.0,964622684
4,6,5.0,945078967
4,52,4.0,986934786
4,65,2.0,945078690
4,43,4.0,945079052
4,40,5.0,945079521
4,43,4.0,986935016
4,5,3.0,986935328
4,60,5.0,986934738
4,34,5.0,964539855
4,43,5.0,945174008
4,11,4.0,945079729
4,9,5.0,964540008
4,11,1.0,945629238
4,17,1.0,964622590
4,5,2.0,964538964
4,50,4.0,945078467
4,4,4.0,964622590
4,52,5.0,945079164
4,11,3.0,964623306
4,3,4.0,986935302
4,51,4.0,945079858
4,3,1.0,945173385
4,64,5.0,945078863
4,30,5.0,964622684
4,11,1.0,986848894
4,21,4.0,945079790
4,19,5.0,945079013
4,10,2.0,945078542
4,53,4.0,964539986
4,36,1.0,964778621
4,36,2.0,945173553
4,23,5.0,964539628
4,2,5.0,945078814
4,26,5.0,964539140
4,7,4.0,986935016
4,38,4.0,945078708
4,46,5.0,986934870
4,62,2.0,945078528
4,45,2.0,945078946
4,64,4.0,986848610
4,44,4.0,986936200
4,35,5.0,945079920
4,35,4.0,986934884
4,65,3.0,964778197
4,19,5.0,964622487
4,63,4.0,964539121
4,36,1.0,964538930
4,11,4.0,964539771
4,22,4.0,964539828
4,14,4.0,964623306
4,3,4.0,986934498
4,7,3.0,964622758
4,54,5.0,964538329
4,55,4.0,964539395
4,9,4.0,986849238
4,42,2.0,964538243
4,28,1.0,986848908
4,34,5.0,964538351
4,40,2.0,986849212
4,18,1.0,986935199
4,48,3.0,964539085
4,30,3.0,986936207
4,1,5.0,986849180
4,22,4.0,986934465
4,5,3.0,986849149
4,22,4.0,986849164
4,51,4.0,986849130
4,44,3.0,986934819
4,27,1.0,986849254
4,3,3.0,986848856
4,16,4.0,986849180
4,42,3.0,986849201
4,13,3.0,986849226
4,67,4.0,986849149
4,17,5.0,986848753
4,17,3.0,986848665
4,22,4.0,986934901
4,33,3.0,986848685
4,19,3.0,986848700
4,32,2.0,1007569424
4,39,5.0,986848685
4,56,4.0,1007574542
4,28,3.0,1007569465
4,21,2.0,1007569424
4,67,4.0,1007574470
4,47,1.0,1007569465
4,52,4.0,1007569586
4,28,3.0,1007574509
4,21,1.0,1007569586
4,47,3.0,1007574532
4,30,5.0,1007569445
4,42,3.0,1007569445
4,20,4.0,1007574532
4,53,4.0,1007569465
4,14,5.0,1007569424
5,1,4.0,847434962
5,21,4.0,847435238
5,34,4.0,847434881
5,36,4.0,847435292
5,39,3.0,847434961
5,50,4.0,847434881
5,58,5.0,847435238
5,2,4.0,847434880
5,2,3.0,847434748
5,45,3.0,847434802
5,46,4.0,847435292
5,37,5.0,847435337
5,65,3.0,847435292
5,22,4.0,847435238
5,37,3.0,847435129
5,57,1.0,847435311
5,17,5.0,847435311
5,36,5.0,847434748
5,22,3.0,847435337
5,22,2.0,847434832
5,35,3.0,847434880
5,33,3.0,847434802
5,52,3.0,847434832
5,29,2.0,847435238
5,28,3.0,847434882
5,26,4.0,847435129
5,49,2.0,847434748
5,63,3.0,847435292
5,24,4.0,847434801
5,44,4.0,847435337
5,40,5.0,847435311
5,36,3.0,847435129
5,17,5.0,847434960
5,20,4.0,847435258
5,28,3.0,847435311
5,46,4.0,847434801
5,51,3.0,847435258
5,22,5.0,847434747
5,33,3.0,847434747
5,24,5.0,847435238
5,42,5.0,847434832
5,51,5.0,847435292
5,14,3.0,847434962
5,14,3.0,847435258
6,2,4.0,845553522
6,3,5.0,845554296
6,4,3.0,845554349
6,5,5.0,845553938
6,6,4.0,845553757
6,7,4.0,845554264
6,8,3.0,845555281
6,10,3.0,845553253
6,11,4.0,845553489
6,13,3.0,845555588
6,15,4.0,845554505
6,16,4.0,845553819
6,17,4.0,845553559
6,19,2.0,845553382
6,21,2.0,845553382
6,22,5.0,845553875
6,24,4.0,845554397
6,25,3.0,845553695
6,26,4.0,845555362
6,27,3.0,845555402
6,31,3.0,845553819
6,32,4.0,845553426
6,34,4.0,845553354
6,36,5.0,845553726
6,41,4.0,845554962
6,43,4.0,845555607
6,45,3.0,845553907
6,46,4.0,845554551
6,47,4.0,845553317
6,50,1.0,845553381
6,54,4.0,845555402
6,60,4.0,845554263
6,61,4.0,845555454
6,62,4.0,845553660
6,65,3.0,845555070
6,66,3.0,845555151
6,19,4.0,845555317
6,43,3.0,845554907
6,9,5.0,845556131
6,3,3.0,845555300
6,41,2.0,845555694
6,12,4.0,845555124
6,59,4.0,845555454
6,37,4.0,845554584
6,33,4.0,845553559
6,14,3.0,845555151
6,66,1.0,845555436
6,42,4.0,845554349
6,56,3.0,845553757
6,36,5.0,845553283
6,27,4.0,845553994
6,20,3.0,845556257
6,1,3.0,845555342
6,17,3.0,845554987
6,32,3.0,845555024
6,25,4.0,845553586
6,28,4.0,845553966
6,57,4.0,845555607
6,6,4.0,845553110
6,18,4.0,845553586
6,33,3.0,845553146
6,34,4.0,845553660
6,20,3.0,845555006
6,40,5.0,845553457
6,14,3.0,845553253
6,3,3.0,845553907
6,25,3.0,845553146
6,27,5.0,845553695
6,20,3.0,845554263
6,47,3.0,845555402
6,17,3.0,845554479
6,11,3.0,845554931
6,41,1.0,845555362
6,21,2.0,845555006
6,40,3.0,845553938
6,18,3.0,845553283
6,41,3.0,845553619
6,21,3.0,845556241
6,64,2.0,845554931
6,21,4.0,845554455
6,8,3.0,845553586
6,66,3.0,845556290
6,58,3.0,845553619
6,22,3.0,845555477
6,53,4.0,845554024
6,10,3.0,845553253
6,18,3.0,845556106
6,29,4.0,845556310
6,23,4.0,845556181
6,57,4.0,845554099
6,56,3.0,845555382
6,20,2.0,845553994
6,5,3.0,845556131
6,64,4.0,845554024
6,1,3.0,845553794
6,59,4.0,845553381
6,25,5.0,845553966
6,13,3.0,845553174
6,53,2.0,845554176
6,59,4.0,845553559
6,42,4.0,845553875
6,50,3.0,845554987
6,19,3.0,845555571
6,37,3.0,845555588
6,42,5.0,845554263
6,46,4.0,845555588
6,46,3.0,845556257
6,4,4.0,845553619
6,19,3.0,845553283
6,67,3.0,845555655
6,28,3.0,845553726
6,42,5.0,845554176
6,14,3.0,845555172
6,24,4.0,845553695
6,24,5.0,845554551
6,25,3.0,845553726
6,4,3.0,845553457
6,43,3.0,845554376
6,59,3.0,845555172
6,3,4.0,845555249
6,44,3.0,845553875
6,55,4.0,845555151
6,66,4.0,845553907
6,32,5.0,845553844
6,31,3.0,845555436
6,25,4.0,845554320
6,27,3.0,845553522
6,53,2.0,845553283
6,9,3.0,845554455
6,40,3.0,845555571
6,26,4.0,845553253
6,23,3.0,845553660
6,8,2.0,845553110
6,1,3.0,845555436
6,21,3.0,845554099
6,39,4.0,845555546
6,9,3.0,845556119
6,20,1.0,845555151
6,22,3.0,845555546
6,57,5.0,845554603
6,4,4.0,845553522
6,5,5.0,845553174
6,22,4.0,845553457
6,40,5.0,845553200
6,11,1.0,845554062
6,49,4.0,845553200
6,41,3.0,845555071
6,56,3.0,845555046
6,9,5.0,845553757
6,54,3.0,845556223
6,15,5.0,845553586
6,67,4.0,845553253
6,59,4.0,845555265
6,15,3.0,845553938
6,35,3.0,845555172
6,44,3.0,845553146
6,7,3.0,845555300
6,7,3.0,845553938
6,22,5.0,845553146
6,62,5.0,845553489
6,44,4.0,845554455
6,9,3.0,845555382
6,54,4.0,845553726
6,49,4.0,845555402
6,44,4.0,845553819
6,16,5.0,845553200
6,59,3.0,845553457
6,28,3.0,845555265
6,55,3.0,845556412
6,37,3.0,845555094
6,54,4.0,845554376
6,39,3.0,845553994
6,53,5.0,845553317
6,17,3.0,845554962
6,4,4.0,845553317
6,25,5.0,845553726
6,17,4.0,845553794
6,33,3.0,845554141
6,14,3.0,845554296
6,17,5.0,845553317
6,30,3.0,845554987
6,61,4.0,845553110
6,49,3.0,845553994
6,53,3.0,845554397
6,45,3.0,845554320
6,29,3.0,845554603
6,18,3.0,845553354
6,28,3.0,845554505
6,66,4.0,845554420
6,38,3.0,845554962
6,43,3.0,845554224
6,12,3.0,845554551
6,43,5.0,845553489
6,19,4.0,845553200
6,52,3.0,845553489
6,2,3.0,845554505
6,49,4.0,845553457
6,34,3.0,845555124
6,9,4.0,845555024
6,62,4.0,845553283
6,8,3.0,845554062
6,4,5.0,845553174
6,50,3.0,845555546
6,42,3.0,845555281
6,5,2.0,845553844
6,13,4.0,845553907
6,47,4.0,845555477
6,35,3.0,845555632
6,65,4.0,845553522
6,55,4.0,845554099
6,53,4.0,845554141
6,50,5.0,845553200
6,46,3.0,845553794
6,29,3.0,845554505
6,19,3.0,845554584
6,56,4.0,845554141
6,29,3.0,845555172
6,4,3.0,845554176
6,40,3.0,845553819
6,54,5.0,845553354
6,56,3.0,845554455
6,41,3.0,845555317
6,56,4.0,845553586
6,62,3.0,845553522
6,5,3.0,845555546
6,40,4.0,845553794
6,7,4.0,845554908
6,20,3.0,845553844
6,13,3.0,845554479
6,57,3.0,845553426
6,67,3.0,845554296
6,58,3.0,845554224
6,22,3.0,845556181
6,3,3.0,845554551
6,26,3.0,845553426
6,59,3.0,845554099
6,49,4.0,845554524
6,28,3.0,845554099
6,51,2.0,845554349
6,27,3.0,845554908
6,29,3.0,845553875
6,37,5.0,845553559
6,17,4.0,845555342
6,49,3.0,845555070
6,1,5.0,845553381
6,42,5.0,845553146
6,58,3.0,845553317
6,45,5.0,845553109
6,58,3.0,845553109
6,60,4.0,845553174
6,36,4.0,845553819
6,21,5.0,845553174
6,1,3.0,845554141
6,48,4.0,845553354
6,39,3.0,845555024
6,50,3.0,845553844
6,67,4.0,845555342
6,54,5.0,845554062
6,50,3.0,845555300
6,3,4.0,845555265
6,21,4.0,845555046
6,57,1.0,845555362
6,31,4.0,845555151
6,57,3.0,845556147
6,60,3.0,845555342
6,39,3.0,845555694
6,7,3.0,845556378
6,29,4.0,845556147
6,54,3.0,845555571
6,43,4.0,845554376
6,18,5.0,845555249
6,31,3.0,845556223
6,59,4.0,845555317
6,36,2.0,845555694
6,41,5.0,845553619
6,64,3.0,845555046
6,15,1.0,845555006
6,24,3.0,845555632
6,29,3.0,845556462
6,10,5.0,845556915
6,4,5.0,845554584
6,4,3.0,845556506
6,30,3.0,845555656
6,5,3.0,845556194
6,48,4.0,845554584
6,56,3.0,845555514
6,22,5.0,845556222
6,59,4.0,845556194
6,42,3.0,845556241
6,2,4.0,845555514
6,58,3.0,845556120
6,40,3.0,845555675
6,5,4.0,845556340
6,64,4.0,845555694
6,56,3.0,845556412
6,16,3.0,845556181
6,31,3.0,845556340
6,8,3.0,845556448
6,57,3.0,845556241
6,56,3.0,845556808
6,19,3.0,845556567
6,7,4.0,845556475
6,13,4.0,845556808
6,10,4.0,845556323
6,49,2.0,845556412
6,15,4.0,845556506
6,62,4.0,845556694
6,11,3.0,845556462
6,27,5.0,845556694
6,57,4.0,845556860
6,63,4.0,845556579
6,3,3.0,845555571
6,2,4.0,845556278
6,35,3.0,845555454
7,1,4.5,1106635946
7,50,4.5,1106635993
7,58,3.0,1106635520
7,51,4.5,1106635925
7,55,4.0,1106635987
7,60,5.0,1106635933
7,39,5.0,1106635915
7,33,3.0,1106635937
7,62,5.0,1106635532
7,38,5.0,1106635917
7,36,2.0,1106635714
7,62,3.0,1106635971
7,32,2.5,1106635940
7,11,3.0,1106635922
7,46,5.0,1106635912
7,65,3.5,1106712636
7,61,4.0,1106635981
7,45,4.0,1106636810
7,11,4.5,1106635943
7,56,3.0,1106635685
7,24,4.0,1106712615
7,25,4.0,1106635502
7,46,1.5,1106712613
7,42,4.0,1106635996
7,30,4.0,1106635462
7,12,4.0,1106635965
7,8,5.0,1106635496
7,4,4.5,1106635464
7,22,5.0,1106712575
7,25,1.5,1106635678
7,16,5.0,1106635681
7,12,3.5,1106635489
7,56,5.0,1106635423
7,25,4.0,1106635429
7,21,3.0,1107127060
7,21,3.0,1106635653
7,17,0.5,1106635416
7,60,4.0,1106635484
7,23,1.5,1106635444
7,56,4.5,1106635657
7,31,5.0,1106713565
7,60,2.0,1106712559
7,32,3.5,1106635625
7,44,5.0,1106635640
7,22,1.5,1106712553
7,29,3.0,1106635540
7,27,4.5,1113542732
7,30,2.0,1106635420
7,36,2.5,1106713072
7,49,1.5,1106713076
7,30,3.5,1106713081
7,47,4.5,1106635648
7,22,4.0,1106712546
7,12,4.5,1106635500
7,42,1.5,1106713005
7,66,4.5,1106712549
7,44,1.5,1106636534
7,21,1.0,1106712541
7,10,3.5,1106635630
7,24,5.0,1106635733
7,58,4.0,1106636596
7,10,2.5,1106635635
7,11,3.0,1161738301
7,40,4.0,1106712913
7,19,2.0,1106635742
7,50,2.0,1110855253
7,48,4.0,1106635524
7,49,0.5,1107127033
7,12,4.5,1106712869
7,3,1.0,1106635749
7,39,1.5,1109746591
7,25,1.5,1161738352
7,31,3.0,1106635738
7,40,4.0,1106636531
7,56,4.0,1106636718
7,60,4.0,1106636702
7,28,4.5,1106636589
7,59,4.5,1106636610
7,12,3.5,1106712866
7,50,3.5,1106636606
7,45,0.5,1106635735
7,8,4.0,1106636707
7,59,3.0,1106712820
7,66,3.0,1106636612
7,45,1.5,1106635745
7,44,5.0,1106713586
7,21,4.5,1106635705
7,45,4.5,1106636527
7,57,4.0,1106636600
7,23,4.5,1106712818
7,17,4.0,1106636516
7,35,4.0,1106712831
7,52,0.5,1157949714
7,21,4.5,1106636584
7,41,4.5,1106712827
7,39,2.0,1106712812
7,62,4.5,1106636579
7,4,4.0,1106636520
7,42,3.0,1173051472
7,44,4.0,1107473963
7,20,4.5,1106713442
7,19,3.5,1106636782
7,26,2.5,1106636592
7,28,2.0,1108602792
7,28,4.5,1106636844
7,67,4.5,1106636511
7,34,3.5,1108602755
7,41,1.0,1106779625
7,58,1.0,1161738306
7,13,4.5,1106636602
7,55,1.5,1109746594
7,39,1.0,1106713549
7,25,3.5,1118025961
7,1,1.0,1110757877
7,58,4.5,1122333561
7,14,4.0,1110757890
7,26,4.0,1106636098
7,55,3.5,1110173697
7,27,4.0,1106636064
7,17,1.0,1106636095
7,43,2.5,1106636069
7,63,2.5,1111552650
7,61,4.0,1106636101
7,30,3.0,1107474020
7,5,3.5,1113353083
7,64,2.0,1107127004
7,59,3.5,1118025982
7,55,2.0,1118025946
7,49,1.5,1122940686
7,5,2.0,1118026013
7,32,3.5,1128486479
7,8,3.5,1116550784
7,39,1.0,1121041079
7,35,2.0,1121041002
7,53,1.0,1125442102
7,55,3.0,1121041015
7,35,4.5,1122333538
7,6,3.5,1162163504
7,32,3.5,1149548381
7,19,4.5,1144806100
7,37,4.0,1157949636
7,9,4.5,1157066190
7,17,1.0,1159225196
7,7,0.5,1161738279
7,53,1.0,1157949732
7,23,1.0,1169687318
7,34,4.5,1162163488
7,33,2.5,1174263740
7,41,4.5,1165876367
7,19,3.5,1174263775
7,27,0.5,1176181731
7,41,3.0,1173051469
8,2,4.0,839463806
8,10,2.0,839463509
8,11,4.0,839463806
8,21,4.0,839463564
8,32,3.0,839463624
8,34,5.0,839463546
8,39,3.0,839463644
8,47,4.0,839463546
8,50,5.0,839463644
8,26,3.0,839463527
8,1,3.0,839464076
8,50,4.0,839463422
8,45,2.0,839463451
8,47,5.0,839463509
8,13,4.0,839463856
8,49,3.0,839463509
8,43,4.0,839463470
8,5,3.0,839464076
8,43,3.0,839463767
8,17,3.0,839463856
8,13,5.0,839463509
8,1,3.0,839463767
8,53,3.0,839463489
8,21,4.0,839463422
8,61,3.0,839463644
8,32,5.0,839463489
8,65,3.0,839463509
8,41,3.0,839463527
8,42,5.0,839463767
8,18,5.0,839463546
8,56,3.0,839463564
8,14,4.0,839463644
8,7,5.0,839463422
8,52,1.0,839463702
8,13,3.0,839463728
8,65,4.0,839463546
8,60,3.0,839463489
8,15,4.0,839463527
8,16,2.0,839463624
8,51,5.0,839463728
8,24,3.0,839463728
8,36,3.0,839463702
8,44,3.0,839463702
8,2,5.0,839463422
8,59,3.0,839463422
8,33,4.0,839463470
8,7,3.0,839463728
9,41,3.0,1044656650
9,4,3.0,1044657119
9,38,4.0,1044656650
9,45,3.0,1044656716
9,45,3.0,1044657102
9,5,4.0,1044657026
9,56,5.0,1044657026
9,52,2.0,1044656650
9,13,4.0,1044657088
9,9,5.0,1044656716
9,32,5.0,1044657088
9,34,4.0,1044656650
9,34,2.0,1044656716
9,2,3.0,1044657200
9,40,4.0,1044657237
9,8,3.0,1044656650
9,56,5.0,1044657072
9,1,3.0,1044657221
9,16,2.0,1044656716
9,7,2.0,1044656650
9,37,3.0,1044656650
9,67,3.0,1044657051
9,32,1.0,1044657221
9,26,1.0,1044656650
9,36,5.0,1044657051
9,7,4.0,1044656811
9,1,3.0,1044656811
9,18,4.0,1044656792
9,28,4.0,1044656836
9,7,4.0,1044656836
9,47,5.0,1044656836
9,45,1.0,1044656836
9,24,1.0,1044657318
9,11,3.0,1044657269
9,42,3.0,1044656962
9,43,4.0,1044656792
9,16,1.0,1044657318
9,63,4.0,1044657144
9,12,5.0,1044656934
9,12,5.0,1044656908
9,37,4.0,1044656962
9,20,1.0,1044657338
9,30,4.0,1044657185
9,14,2.0,1044657269
9,12,4.0,1044657072
9,63,2.0,1044657285
10,20,1.0,1455303387
10,46,3.5,1455301685
10,43,4.0,1455306173
10,59,3.5,1455357645
10,30,4.0,1455302254
10,27,0.5,1455306152
10,43,3.0,1455619275
10,30,3.0,1455303518
10,50,3.0,1455357613
10,30,3.5,1455301699
10,27,4.0,1455306183
10,15,0.5,1455356378
10,62,3.5,1455357517
10,64,0.5,1455356388
10,64,1.0,1455356578
10,15,0.5,1455356582
10,19,4.0,1455356591
10,25,3.0,1455398344
10,62,3.5,1455302676
10,48,4.5,1455356595
10,19,4.5,1455398321
10,66,4.0,1455356385
10,35,4.0,1455301798
10,36,3.0,1455399329
10,57,3.5,1455301898
10,42,3.0,1455357578
10,54,3.0,1455303078
10,24,4.0,1455356588
10,48,3.0,1455397999
10,35,3.0,1455357557
10,58,3.0,1455303070
10,7,3.5,1455306101
10,66,4.0,1455398379
10,14,4.0,1455301621
10,44,4.0,1455399533
10,4,3.0,1455302670
10,42,4.0,1455356347
10,5,4.0,1455399087
10,43,4.5,1455303046
10,2,3.5,1455402085
10,12,4.0,1455303057
10,13,3.5,1455399289
10,42,5.0,1455356656
10,51,3.5,1455398107
10,6,5.0,1455301847
10,12,3.5,1455356713
10,37,3.5,1455356327
10,55,3.0,1455397936
10,13,5.0,1455303064
10,11,2.5,1455302401
10,34,3.5,1455302697
10,57,1.0,1455398160
10,40,3.5,1455398096
10,14,2.5,1455357527
10,14,4.5,1455357602
10,10,3.0,1455398153
10,7,3.0,1455357626
10,21,5.0,1455302031
10,43,3.0,1455356796
10,38,4.0,1455301745
10,22,2.5,1455301854
10,6,3.0,1455401876
10,6,5.0,1455302162
10,15,5.0,1455357502
10,34,3.0,1455356357
10,24,4.5,1455359663
10,66,1.5,1455399396
10,33,3.5,1455356320
10,22,3.5,1455301825
10,7,3.0,1455357531
10,61,3.5,1455302791
10,26,4.5,1455302113
10,52,2.5,1455357564
10,6,2.0,1455398002
10,5,3.0,1455302689
10,16,2.0,1455301965
10,11,2.5,1455398339
10,1,3.5,1455302183
10,62,4.5,1455356863
10,63,0.5,1455357607
10,16,3.5,1455357596
10,54,4.0,1455304158
10,26,4.5,1455302747
10,28,3.0,1455399200
10,40,3.0,1455357636
10,58,0.5,1455398141
10,52,5.0,1455301869
10,2,2.5,1455301741
10,45,3.5,1455399573
10,15,3.0,1455356987
10,56,3.5,1455301822
10,7,3.5,1455398131
10,29,2.5,1455356351
10,52,3.0,1455356691
10,19,3.0,1455357541
10,13,2.0,1455302684
10,56,3.0,1455356988
10,66,5.0,1455306124
10,49,3.5,1455399347
10,41,2.5,1455357716
10,64,5.0,1455302591
10,14,3.5,1455399313
10,64,3.5,1455357720
10,43,2.0,1455398390
10,7,3.5,1455357730
10,23,3.0,1455398396
10,43,3.5,1455306257
10,31,4.0,1455357504
10,53,3.0,1455399281
10,53,3.0,1455356990
10,3,5.0,1455302120
10,57,5.0,1455301553
10,63,4.5,1455357387
10,65,4.0,1455398177
10,38,4.0,1455356885
10,55,3.0,1455398127
10,63,3.5,1455399376
10,27,5.0,1455302172
10,22,0.5,1455301892
10,63,1.0,1455398105
10,27,3.0,1455356994
10,12,4.0,1455398111
10,41,4.0,1455356177
10,65,4.0,1455357653
10,48,2.5,1455399232
10,3,3.5,1455357076
10,19,4.5,1455306204
10,5,1.0,1455398089
10,5,2.0,1455399188
10,30,0.5,1455302315
10,46,0.5,1455398092
10,24,4.0,1455357656
10,15,4.0,1455398144
10,66,4.5,1455357698
10,47,4.0,1455398275
10,55,1.0,1455302650
10,33,3.5,1455357384
10,64,5.0,1455302192
10,34,4.0,1455356898
10,19,5.0,1455356776
11,6,5.0,902154266
11,10,3.0,902154316
11,36,4.0,902155135
11,44,2.0,902154593
11,14,3.0,902154458
11,62,5.0,902154266
11,57,5.0,902154266
11,36,3.0,902154593
11,8,3.0,902154567
11,23,4.0,902154621
11,3,3.0,902154706
11,31,4.0,902154383
11,42,4.0,902155070
11,39,5.0,902154342
11,30,5.0,901200263
11,31,3.0,904510567
11,61,2.0,902154684
11,60,3.0,902154431
11,42,4.0,902154431
11,44,3.0,902154685
11,46,5.0,902154316
11,19,3.0,902154805
11,41,4.0,902154431
11,14,4.0,902154383
11,40,3.0,902154805
11,3,4.0,902154514
11,46,5.0,902155043
11,19,4.0,902154266
11,32,5.0,902155102
11,32,4.0,902154514
11,47,4.0,902154431
11,62,4.0,902154542
11,35,4.0,902154487
11,46,3.0,902154621
11,14,5.0,901200233
11,42,4.0,902154266
11,64,4.0,902155136
11,58,3.0,902154383
11,54,3.0,902154542
11,43,1.0,902154685
11,14,5.0,902154383
11,57,3.0,902154647
11,8,4.0,902154431
11,49,4.0,902154458
11,31,3.0,902154542
11,59,5.0,902155136
11,9,4.0,902154487
11,33,4.0,902154487
11,48,4.0,902154647
11,1,4.0,902154316
11,12,3.0,902154542
11,52,3.0,902154647
11,50,5.0,902155102
11,47,4.0,902155102
11,6,5.0,902154989
11,44,5.0,902155043
11,30,4.0,901200111
11,26,2.0,901200143
11,57,4.0,901200037
11,13,4.0,901200070
11,33,4.0,904510428
11,52,2.0,902154383
11,66,3.0,904510428
11,57,5.0,902153951
12,39,4.0,1247264471
12,39,5.0,1247264411
12,7,5.0,1247263465
12,31,5.0,1247263375
12,26,4.5,1247263357
12,43,3.0,1247263371
12,2,3.5,1247264106
12,26,3.5,1247263318
12,44,4.0,1247263452
12,43,5.0,1247264096
12,28,4.5,1247264114
12,7,3.5,1247264118
12,62,5.0,1247263404
12,49,3.0,1247263395
12,63,5.0,1247264463
12,64,3.5,1247263334
12,59,5.0,1247263670
12,59,3.5,1247263337
12,34,3.0,1247263495
12,20,5.0,1247264406
12,64,5.0,1247263689
12,34,5.0,1247263444
12,20,4.0,1247263398
12,35,5.0,1247263428
12,15,5.0,1247264220
12,49,4.5,1247263471
12,29,4.5,1247264420
12,36,4.0,1247264417
12,19,5.0,1247264138
12,19,5.0,1247264151
12,43,5.0,1247264192
12,16,5.0,1247264457
13,47,5.0,987895819
13,2,1.0,987456968
13,1,3.0,987456968
13,15,3.0,987457052
13,45,5.0,987456848
13,41,4.0,987457086
13,29,3.0,987895819
13,51,4.0,987456818
13,7,4.0,987456818
13,41,3.0,987456968
13,21,3.0,987456818
13,63,2.0,987456818
13,9,5.0,987457007
13,33,4.0,987895952
13,33,2.0,987895720
13,18,3.0,987895651
13,49,5.0,987895902
13,30,4.0,987895902
13,57,3.0,987895952
13,48,4.0,987895902
13,22,4.0,987895902
13,53,4.0,987895720
13,67,4.0,987895952
13,47,4.0,987896183
13,66,3.0,987895651
13,60,4.0,987895582
13,59,3.0,987895651
13,20,3.0,987895952
13,8,5.0,987895902
13,41,5.0,987895651
13,16,4.0,987895720
14,4,3.0,835441653
14,7,3.0,835441989
14,19,1.0,835441168
14,25,4.0,835441394
14,32,4.0,835441168
14,39,3.0,835441186
14,47,5.0,835441133
14,17,5.0,835441295
14,63,3.0,835441371
14,8,5.0,835441107
14,43,4.0,835440977
14,6,2.0,835441012
14,52,3.0,835441371
14,50,3.0,835441042
14,1,5.0,835441168
14,56,5.0,835441239
14,49,4.0,835441107
14,43,3.0,835440978
14,40,3.0,835441042
14,25,5.0,835441239
14,40,4.0,835441066
14,54,2.0,835441012
14,5,3.0,835441686
14,48,4.0,835441239
14,42,1.0,835441210
14,64,4.0,835441620
14,33,3.0,835441328
14,23,4.0,835441729
14,25,4.0,835441066
14,2,3.0,835442201
14,66,3.0,835441812
14,30,4.0,835441578
14,16,3.0,835441262
14,57,3.0,835441672
14,52,3.0,835441558
14,16,5.0,835441347
14,18,3.0,835442007
14,42,3.0,835441371
14,39,4.0,835441415
14,29,3.0,835441794
14,5,3.0,835441558
14,24,4.0,835441239
14,47,3.0,835441451
14,5,4.0,835440977
14,64,2.0,835440976
14,53,4.0,835441086
14,17,3.0,835441431
14,60,1.0,835442447
15,1,2.5,1510577970
15,44,1.0,1299424916
15,47,3.5,1510571970
15,49,1.0,1299424840
15,20,1.0,1299424762
15,31,3.0,1299425021
15,42,5.0,1510571946
15,44,3.0,1510571962
15,44,4.0,1510571877
15,60,5.0,1510571866
15,10,1.0,1299425002
15,31,5.0,1510571873
15,12,3.0,1510577958
15,54,5.0,1510571982
15,28,3.0,1510577985
15,8,5.0,1510572012
15,10,2.0,1510578088
15,51,3.5,1510572881
15,35,2.0,1299425064
15,57,4.0,1510571941
15,67,5.0,1510572645
15,55,4.0,1510571989
15,40,5.0,1510572775
15,6,5.0,1510572653
15,12,5.0,1510572684
15,46,4.0,1510572646
15,60,3.5,1510572001
15,64,5.0,1510571953
15,57,3.0,1299425144
15,32,3.0,1510572660
15,54,4.5,1510572798
15,31,2.5,1299424890
15,54,5.0,1299424826
15,28,5.0,1510572060
15,25,4.0,1510572114
15,28,3.5,1510571984
15,63,3.0,1510578011
15,53,1.5,1510578050
15,6,5.0,1299425040
15,6,2.5,1299424998
15,60,4.5,1510572005
15,40,4.0,1510571744
15,52,3.0,1510571764
15,9,4.0,1510571751
15,11,4.5,1510572872
15,35,2.5,1510571747
15,54,5.0,1510571797
15,52,5.0,1510573324
15,53,4.0,1510572526
15,11,5.0,1299425097
15,18,3.5,1510572486
15,28,4.0,1299425208
15,40,5.0,1510571768
15,6,1.5,1299425200
15,33,3.0,1510571680
15,41,4.0,1510572144
15,20,3.0,1510571677
15,59,4.0,1299425113
15,11,3.5,1510572048
15,62,1.5,1510571774
15,48,3.0,1510577965
15,36,4.0,1510573239
15,35,5.0,1510571736
15,10,3.5,1510577956
15,12,3.5,1510571754
15,26,5.0,1510571789
15,65,4.0,1510571793
15,40,3.0,1510578001
15,3,3.5,1510571759
15,19,2.0,1510577982
15,5,5.0,1510571938
15,24,3.0,1510577979
15,32,3.5,1510571682
15,55,3.0,1510572077
15,5,3.5,1510572802
15,7,3.0,1510572163
15,23,2.5,1510578083
15,15,3.5,1510572823
15,60,2.5,1510577973
15,63,5.0,1510572900
15,49,4.5,1510572550
15,60,3.0,1510573220
15,9,4.5,1510572075
15,31,3.0,1510577962
15,43,3.5,1510572810
15,57,2.0,1510571886
15,62,2.0,1510572096
15,17,3.5,1510577951
15,21,3.0,1510578158
15,29,4.0,1510572137
15,9,3.0,1510572824
15,35,3.5,1510577953
15,8,4.0,1299425345
15,65,3.5,1510572656
15,38,4.0,1510578034
15,52,2.5,1510578103
15,36,3.0,1510572052
15,31,3.5,1510571930
15,12,5.0,1510572834
15,26,4.5,1510573398
15,10,3.5,1510572833
15,32,2.0,1510572842
15,51,3.0,1510573214
15,42,2.0,1510571987
15,18,3.0,1510572894
15,34,3.0,1510572815
15,14,4.0,1510572473
15,38,1.0,1510571958
15,50,4.0,1510572902
15,46,3.5,1510573234
15,59,4.5,1510572095
15,7,4.0,1510572616
15,22,2.0,1510572056
15,26,4.0,1510571878
15,37,1.5,1510573153
15,15,4.5,1510572026
15,48,4.5,1510572466
15,6,1.5,1510571973
15,11,2.0,1510572159
15,10,2.0,1510572009
15,2,2.5,1510573154
15,6,2.0,1510572126
15,33,5.0,1510572679
15,7,2.0,1510571949
15,6,2.0,1510572670
15,38,1.0,1510573305
15,35,4.0,1510571883
15,65,4.5,1510572481
15,47,3.0,1510572581
15,65,5.0,1510572535
15,55,3.0,1510578039
15,34,3.5,1510578028
15,17,3.5,1510572512
15,38,5.0,1510572789
15,6,3.5,1510572516
16,47,3.5,1377477814
16,50,4.0,1377476781
16,35,4.5,1377477446
16,3,2.0,1377476617
16,29,3.0,1377476936
16,20,4.0,1377477870
16,48,3.0,1377477302
16,17,4.0,1377476766
16,28,4.0,1377476675
16,28,3.5,1377477951
16,27,4.0,1377476787
16,59,4.5,1377477340
16,57,3.0,1377476977
16,20,4.5,1377477406
16,59,4.0,1377477470
16,33,4.0,1377476943
16,55,4.5,1377476825
16,3,4.0,1377476589
16,17,2.5,1377476772
16,41,3.5,1377476805
16,8,3.5,1377476810
16,60,4.0,1377477016
16,41,3.5,1377477349
16,25,4.0,1377477608
16,4,4.0,1377476972
16,33,4.0,1377477315
16,16,4.0,1377476909
16,31,3.5,1377476649
16,11,2.5,1377476656
16,32,4.0,1377476813
16,40,3.0,1377476993
16,35,4.0,1377477008
16,34,3.5,1377476852
16,12,5.0,1377477911
16,50,3.0,1377477410
16,11,4.0,1377476856
16,16,4.0,1377476891
16,66,4.0,1377477450
16,45,3.5,1377476956
16,30,4.0,1377477839
16,8,3.0,1377477594
16,62,4.5,1377477957
16,57,4.0,1377477855
16,46,4.0,1377477576
16,14,4.0,1377477535
16,31,4.5,1377476948
16,20,4.0,1377476887
16,49,4.0,1377476629
16,13,4.0,1377477387
16,23,4.0,1377477457
16,30,3.0,1377477580
16,51,4.0,1377477583
16,47,3.5,1377477542
16,32,3.5,1377476680
16,16,3.5,1377477954
16,7,4.0,1377476792
16,30,3.5,1377476690
16,37,3.5,1377477278
16,49,1.5,1377476573
16,3,3.0,1377476611
16,51,3.5,1377476921
16,52,3.0,1377476582
16,11,3.5,1377476693
16,26,3.5,1377476594
16,36,3.5,1377477612
16,18,3.5,1377476998
16,67,3.5,1377476874
16,65,4.0,1377477521
16,38,3.5,1377477000
16,51,4.0,1377476635
16,19,3.5,1377476640
16,36,3.5,1377477379
16,64,4.0,1377477908
16,64,4.0,1377477903
16,61,4.0,1377477886
16,47,3.5,1377476669
16,20,3.0,1377477891
16,32,4.5,1377476925
16,25,3.5,1377477936
16,67,4.0,1377476860
16,49,3.5,1377477289
16,1,4.5,1377476877
16,61,4.0,1377477435
16,52,3.5,1377477424
16,18,4.0,1377477298
16,60,3.5,1377477637
16,48,3.5,1377477464
16,11,3.5,1377477293
16,6,3.5,1377477402
16,56,4.0,1377477684
16,6,4.0,1377477507
16,6,4.0,1377477809
16,1,4.5,1377476817
16,19,4.0,1377477834
16,40,4.0,1377477654
16,45,4.5,1377477830
16,56,3.0,1377476916
16,42,4.5,1377477940
17,1,4.5,1305696483
17,44,3.5,1305696245
17,47,4.0,1307262715
17,50,4.5,1305697013
17,2,4.5,1305696470
17,39,4.0,1326943208
17,44,3.5,1305696497
17,29,5.0,1305696468
17,54,3.5,1307262308
17,26,5.0,1305696455
17,56,5.0,1305696465
17,67,5.0,1305696457
17,48,4.5,1305696463
17,33,4.5,1305696664
17,4,3.5,1322628857
17,53,4.5,1305696475
17,42,4.5,1305696492
17,21,4.5,1305696480
17,33,4.5,1305696461
17,59,4.5,1307262443
17,47,4.0,1305696486
17,2,5.0,1305696683
17,64,3.5,1305696265
17,34,4.0,1307262274
17,48,3.5,1305696226
17,46,4.5,1305696325
17,35,4.0,1305696741
17,17,4.0,1307262280
17,26,4.5,1322629080
17,65,4.0,1305696318
17,25,3.5,1305696352
17,17,4.5,1305696771
17,38,5.0,1305696635
17,55,3.5,1305696774
17,13,4.5,1305696619
17,64,5.0,1305696878
17,22,5.0,1322628945
17,30,3.5,1307262267
17,1,5.0,1305696490
17,12,4.5,1305696699
17,15,4.5,1305696752
17,52,4.5,1305696870
17,8,4.5,1326943248
17,25,4.0,1305696795
17,66,5.0,1305696931
17,5,4.0,1307262291
17,64,4.0,1322628838
17,21,4.0,1305696786
17,47,4.0,1305696254
17,24,4.5,1305696846
17,25,4.0,1305696691
17,15,3.0,1322629202
17,31,3.5,1305696232
17,53,4.0,1305696277
17,59,3.0,1322629229
17,36,5.0,1322629209
17,61,4.0,1305696313
17,40,4.0,1305696258
17,58,3.5,1307262285
17,12,4.5,1305696726
17,23,4.0,1305696788
17,10,4.5,1305696670
17,40,4.5,1322629245
17,2,5.0,1305696756
17,29,3.5,1305696306
17,1,4.0,1305696835
17,16,4.0,1322628761
17,18,4.5,1305696867
17,8,4.5,1305696285
17,28,4.5,1322629233
17,14,4.0,1305696358
17,6,3.5,1307262260
17,22,4.0,1305696721
17,47,4.5,1307262300
17,32,3.5,1305696292
17,37,4.5,1322629083
17,3,4.0,1305696762
17,3,4.0,1305696310
17,55,4.5,1305696817
17,60,5.0,1322628751
17,1,4.0,1305696779
17,44,5.0,1305696823
17,24,4.0,1326943200
17,42,4.5,1322628668
17,21,5.0,1322628881
17,57,3.5,1322629189
17,23,5.0,1322628786
17,64,4.5,1305696820
17,12,4.0,1305696864
17,7,4.0,1322628790
17,45,4.5,1322629178
17,9,4.0,1305696851
17,54,4.5,1322629142
17,39,4.0,1305696748
17,67,4.5,1305696675
17,48,3.5,1305696839
17,6,3.5,1322629112
17,40,4.0,1305696894
17,16,4.5,1322629267
17,64,3.5,1307262449
17,54,4.0,1305696624
17,55,4.5,1305696716
17,9,4.0,1305696734
17,7,3.5,1305696681
17,22,4.0,1305696644
18,1,3.5,1455209816
18,2,3.0,1455617462
18,6,4.0,1460138360
18,16,4.5,1461311583
18,32,4.0,1455209840
18,34,2.5,1455617533
18,36,4.0,1455617478
18,47,4.5,1455050013
18,50,5.0,1455049343
18,29,3.5,1455735732
18,52,2.5,1455748792
18,48,4.5,1455050170
18,7,4.0,1458516249
18,15,3.5,1456864434
18,60,4.0,1455748933
18,64,4.0,1455209902
18,67,4.0,1455617692
18,26,3.0,1455617516
18,35,4.0,1455617470
18,45,2.5,1455748462
18,50,4.5,1455529905
18,67,4.0,1455049368
18,47,4.0,1455617466
18,20,4.5,1455050049
18,5,4.0,1455050745
18,12,5.0,1455049328
18,54,4.0,1455231677
18,62,4.0,1455748833
18,3,2.5,1455209869
18,7,4.5,1455050112
18,46,3.0,1455209887
18,65,2.5,1455618093
18,61,3.0,1455748940
18,41,2.5,1455617791
18,7,2.5,1455209879
18,65,2.5,1455209846
18,2,4.0,1462138790
18,46,2.0,1459946774
18,56,3.0,1455748803
18,5,3.5,1477432493
18,40,2.5,1459946776
18,13,3.5,1455209811
18,47,3.5,1455618095
18,56,2.0,1456864767
18,58,4.0,1455749987
18,15,4.5,1455050006
18,62,4.0,1456745325
18,65,4.0,1504907725
18,8,3.5,1455748696
18,44,3.5,1455209912
18,29,4.5,1455209793
18,46,4.0,1455209837
18,54,4.5,1455050067
18,56,3.0,1455209900
18,26,4.5,1455050069
18,38,3.5,1459495567
18,60,3.0,1455209873
18,17,3.0,1456955524
18,40,3.0,1455735781
18,62,4.0,1460242118
18,26,4.5,1455050179
18,62,4.0,1455209824
18,34,2.0,1455735643
18,34,3.5,1455735861
18,43,4.0,1455050024
18,46,4.5,1455050080
18,35,4.0,1455748398
18,52,4.0,1517525849
18,62,4.0,1455748544
18,29,5.0,1455059762
18,2,4.0,1458516291
18,33,3.5,1456955800
18,36,4.0,1455618103
18,12,3.5,1455735783
18,51,4.5,1455231152
18,34,4.0,1473368992
18,44,4.0,1455051391
18,16,4.0,1502911292
18,13,4.5,1455210625
18,35,4.5,1455050359
18,48,4.5,1517686025
18,50,4.0,1455209805
18,67,4.0,1455049377
18,55,5.0,1455051405
18,3,5.0,1455050107
18,44,4.5,1455050357
18,32,4.5,1455050736
18,28,3.5,1455051397
18,55,5.0,1455050528
18,53,4.5,1455209798
18,67,4.5,1455059742
18,21,4.5,1455050000
18,39,4.0,1455050629
18,6,4.5,1455050177
18,25,5.0,1460242083
18,11,4.5,1455050183
18,53,4.5,1455050616
18,47,4.5,1485097725
18,12,4.5,1455820726
18,60,4.0,1455618100
18,52,4.0,1503000947
18,39,4.0,1455618445
18,40,4.5,1455050172
18,35,4.0,1457565435
18,33,4.0,1455059781
18,58,4.0,1455748627
18,59,3.5,1456745019
18,16,4.0,1456438623
18,37,4.0,1455059809
18,5,4.5,1455231686
18,63,3.5,1455748921
18,3,4.0,1455617646
18,34,4.5,1456958429
18,60,3.5,1455231757
18,57,3.0,1455529835
18,29,4.0,1476901312
18,57,2.5,1455748555
18,15,3.5,1455050095
18,65,3.5,1455735715
18,42,3.5,1455748435
18,65,3.0,1455735712
18,35,4.0,1459375071
18,9,3.5,1476823531
18,17,3.5,1455748777
18,58,3.5,1455735650
18,44,3.0,1455231395
18,54,4.0,1455050003
18,43,4.0,1455748443
18,67,4.0,1465468014
18,18,4.5,1456958438
18,44,3.5,1456672335
18,20,3.5,1456956041
18,11,4.0,1458679104
18,12,3.0,1455748548
18,1,3.5,1455735827
18,37,2.5,1456875333
18,52,4.0,1455749673
18,51,4.0,1455050512
18,3,4.0,1455529833
18,27,3.5,1455749721
18,39,3.5,1456395560
18,54,3.5,1455748634
18,28,3.0,1455748610
18,35,4.0,1455050114
18,17,4.0,1455209855
18,12,3.5,1476911164
18,17,4.0,1455748562
18,39,3.0,1512850460
18,28,3.5,1464994625
18,5,4.0,1456672532
18,52,3.5,1464907405
18,5,4.0,1455748560
18,52,4.5,1475001075
18,27,4.0,1455209651
18,44,4.0,1455749696
18,39,3.5,1456958417
18,54,3.0,1455749718
18,43,3.0,1456875250
18,24,4.0,1455749756
18,46,3.0,1455749739
18,23,3.0,1456864794
18,39,3.0,1455529935
18,46,3.5,1504894686
18,34,4.5,1456584499
18,25,4.5,1455209654
18,67,2.5,1455231399
18,54,3.0,1455231448
18,36,3.5,1455231410
18,10,4.5,1455209891
18,25,3.5,1455748728
18,20,4.5,1455735323
18,24,3.0,1456875367
18,21,4.5,1455049351
18,19,4.0,1455231386
18,3,4.5,1455231506
18,39,4.0,1455231488
18,58,4.0,1455231412
18,62,3.0,1512850503
18,40,3.0,1456864683
18,2,4.5,1455617700
18,22,4.0,1476393345
18,31,4.5,1455209857
18,2,4.5,1455735337
18,13,3.5,1457382557
18,60,3.5,1455529841
18,38,2.0,1455231603
18,23,4.0,1464994762
18,10,4.0,1504894830
18,25,4.5,1455529881
18,5,2.5,1455231481
18,61,4.0,1504731757
18,3,4.5,1456958432
18,4,4.5,1455231390
18,43,4.0,1476901503
18,43,4.0,1456772015
18,32,4.0,1455209697
18,34,4.0,1455735349
18,63,4.0,1486846015
18,38,3.0,1456395471
18,12,3.0,1457005711
18,33,3.0,1456919460
18,25,4.0,1455209685
18,56,3.5,1456923934
18,18,4.0,1455209694
18,47,4.0,1455209683
18,37,4.5,1455209675
18,26,4.5,1455209718
18,7,4.5,1456744749
18,30,4.5,1516054115
18,42,4.0,1455209763
18,41,3.5,1455050827
18,40,4.0,1456923908
18,63,4.0,1455749029
18,51,4.0,1455209691
18,24,2.5,1455050758
18,11,4.0,1458669462
18,9,3.0,1455050806
18,43,3.5,1455050917
18,64,4.0,1455821517
18,11,3.5,1456919349
18,13,4.0,1455617626
18,47,3.5,1456923936
18,17,3.5,1456832424
18,10,2.5,1455231780
18,7,3.5,1455209677
18,50,4.0,1455050816
18,18,4.0,1455209729
18,22,4.5,1455735416
18,33,3.0,1455049949
18,48,4.5,1500747595
18,6,4.0,1464994734
18,7,3.5,1455750315
18,8,3.5,1455049753
18,51,4.0,1455049810
18,24,3.0,1455049758
18,47,4.5,1455617896
18,31,3.0,1455050877
18,52,4.5,1455049808
18,41,2.0,1455050951
18,62,3.0,1456919632
18,16,4.0,1534020896
18,34,4.5,1458669199
18,55,3.5,1455049761
18,67,4.0,1456780831
18,55,3.5,1455049814
18,48,0.5,1455050979
18,67,3.0,1455750324
18,1,3.5,1486854151
18,6,4.5,1455049845
18,11,4.5,1455049801
18,59,4.5,1455049744
18,12,3.0,1455050834
18,39,3.0,1455655129
18,40,2.5,1455050932
18,16,3.0,1455049931
18,26,4.0,1456924036
18,12,3.5,1455049881
18,45,3.5,1455654949
18,37,3.5,1511639311
18,63,4.5,1492805510
18,18,4.0,1456859960
18,16,3.5,1455654935
18,7,3.0,1455231973
18,11,3.5,1456923938
18,20,2.5,1455060196
18,27,3.5,1455049735
18,2,4.0,1455749019
18,11,3.5,1466969253
18,39,4.0,1455617710
18,41,3.5,1455049936
18,50,4.0,1455049893
18,32,3.5,1455050859
18,37,4.0,1466969258
18,5,3.5,1455209724
18,28,3.0,1455049865
18,39,3.5,1456744938
18,18,3.5,1485297353
18,19,2.5,1476814266
18,19,4.5,1456859906
18,54,3.5,1455050621
18,53,3.5,1456958283
18,14,4.5,1526159893
18,39,4.0,1455050800
18,40,4.0,1455050855
18,57,2.0,1455049910
18,46,3.5,1492805550
18,25,3.5,1455654945
18,22,3.0,1455050852
18,6,3.5,1455655026
18,33,4.5,1455050618
18,40,3.5,1455049954
18,44,3.5,1455231107
18,32,3.0,1455051042
18,11,4.0,1455231182
18,5,1.5,1455050989
18,26,4.0,1455049923
18,12,4.0,1470061020
18,45,4.0,1455050937
18,51,4.0,1455049942
18,29,4.0,1458593231
18,32,4.0,1455050836
18,36,3.5,1455749359
18,35,4.5,1455050089
18,41,4.5,1455049886
18,18,4.0,1485646726
18,32,4.5,1455049870
18,60,4.0,1455231957
18,18,3.5,1455232017
18,60,4.0,1455049739
18,22,3.5,1455059798
18,14,1.0,1455749474
18,38,3.0,1455655111
18,16,4.0,1456859832
18,38,4.0,1455049848
18,18,4.5,1455049826
18,57,4.5,1456958431
18,2,3.5,1457444465
18,25,3.5,1455059813
18,2,4.0,1521331921
18,42,4.5,1455821297
18,12,3.5,1455049725
18,59,4.5,1457650649
18,55,3.5,1455231338
18,44,3.0,1521323641
18,63,2.5,1455749879
18,61,2.5,1455655099
18,54,3.0,1455232038
18,20,3.0,1455749279
18,8,3.5,1455232001
18,35,4.0,1455050518
18,2,4.5,1469995045
18,12,3.5,1455231983
18,53,4.0,1476901520
18,22,4.5,1482355905
18,47,4.5,1459363622
18,66,4.0,1464994729
18,33,2.5,1456924845
18,14,3.5,1455749376
18,61,4.0,1455749164
18,50,3.5,1476902377
18,60,4.0,1455749828
18,33,4.0,1455049372
18,40,4.0,1455618310
18,44,2.5,1455231357
18,18,4.0,1455749175
18,2,3.5,1455529605
18,34,2.5,1455749302
18,21,3.5,1455749277
18,31,3.0,1455749449
18,4,3.5,1455749428
18,10,3.5,1455749413
18,42,4.5,1500585017
18,33,3.5,1455059693
18,22,3.5,1455749206
18,54,3.5,1455821116
18,26,4.0,1470088658
18,12,4.0,1456924733
18,57,4.5,1456770605
18,28,4.5,1455749814
18,45,3.5,1455059756
18,1,4.0,1475188724
18,65,4.0,1455749310
18,26,3.5,1455231723
18,22,4.0,1455749241
18,10,3.0,1455529969
18,51,4.0,1456772121
18,31,4.0,1455750175
18,29,3.5,1455749591
18,13,3.5,1455749255
18,19,4.5,1486073568
18,16,3.0,1455749513
18,31,4.5,1455618430
18,15,3.5,1455749223
18,57,3.0,1455529598
18,47,4.0,1455749238
18,50,4.5,1455749266
18,33,3.5,1478632335
18,40,3.5,1456750745
18,58,4.5,1456770625
18,2,3.5,1457445100
18,51,4.5,1455050015
18,13,4.5,1456770638
18,32,3.5,1455051099
18,6,4.0,1476901606
18,12,3.0,1456924816
18,67,2.5,1456924918
18,5,4.5,1455051151
18,43,4.0,1455051202
18,18,3.0,1456750794
18,47,4.0,1456744760
18,30,4.5,1455050059
18,15,3.0,1478366123
18,66,3.0,1456924960
18,57,3.5,1455750029
18,25,4.0,1455051182
18,17,3.5,1455749571
18,8,4.0,1463686312
18,21,4.5,1463695521
18,62,3.0,1458581624
18,39,4.5,1459889871
18,2,4.0,1470173519
18,60,3.5,1478641446
18,64,3.5,1456924897
18,44,3.5,1455051197
18,58,4.0,1468877753
18,31,3.0,1455231363
18,42,4.0,1455051166
18,44,3.0,1457352482
18,5,3.0,1455051194
18,17,4.0,1455051109
18,37,4.0,1455050365
18,4,4.0,1511043515
18,19,3.5,1489780980
18,23,4.0,1455051164
18,63,4.0,1455050185
18,20,4.0,1455051101
18,67,3.5,1456770596
18,2,3.5,1466977156
18,13,2.5,1456750781
18,25,4.0,1521233253
18,37,4.0,1515532582
18,66,3.0,1455051188
18,53,4.0,1499621886
18,9,3.5,1455617979
18,18,3.0,1455051126
18,12,4.0,1473004465
18,26,3.5,1517686559
18,5,4.0,1455051180
18,23,4.0,1455051144
18,33,3.5,1465164460
18,9,4.0,1473004463
18,45,3.5,1457382480
18,54,4.0,1455051113
18,41,4.0,1513369638
18,45,3.5,1478381466
18,22,4.0,1478632286
18,13,3.0,1458585307
18,55,3.0,1456770932
18,42,3.5,1478366140
18,21,4.0,1455051107
18,15,3.5,1455051122
18,7,3.0,1471043729
18,59,4.0,1478631983
18,55,3.5,1457445060
18,44,4.0,1455735216
18,14,4.5,1455050087
18,7,3.5,1457382469
18,42,4.0,1455050010
18,54,3.5,1456744991
18,2,3.5,1466968168
18,54,4.5,1456614526
18,9,4.0,1456832692
18,31,4.5,1455664748
18,38,4.5,1455618433
18,44,3.5,1477511813
18,11,4.0,1466968153
18,58,4.5,1455051411
18,31,4.5,1455050523
18,50,3.5,1456910057
18,30,4.0,1473004722
18,33,3.5,1483294684
18,61,4.0,1457382413
18,61,4.0,1466366745
18,51,3.5,1457382463
18,50,4.0,1457382458
18,8,3.5,1460575806
18,33,4.0,1510946731
18,13,3.0,1468354075
18,25,4.0,1469816977
18,28,3.5,1510960358
18,14,3.5,1502901639
18,4,4.5,1456693665
18,2,3.5,1469994968
18,26,3.5,1477849300
18,49,3.5,1473351954
18,7,4.0,1456859803
18,10,4.0,1478124485
18,1,4.5,1486643850
18,67,4.0,1455060282
18,60,3.5,1466508318
18,40,4.0,1484169587
18,53,4.0,1455828926
18,3,4.0,1457551336
18,35,4.5,1485100437
18,31,4.5,1485100549
18,56,4.0,1493930228
18,4,3.5,1511651100
18,44,3.5,1513378355
18,63,3.0,1473361651
18,53,4.0,1499631585
18,15,3.5,1482346781
18,62,3.5,1493142085
18,55,3.0,1517508124
18,46,3.5,1534786448
18,56,4.0,1502218032
18,30,4.0,1493155981
18,14,4.0,1505599943
18,48,3.5,1513110715
18,60,4.5,1534007386
18,8,3.0,1534698700
18,57,4.5,1511101918
18,14,4.5,1534007332
19,1,4.0,965705637
19,2,3.0,965704331
19,3,3.0,965707636
19,7,2.0,965706657
19,10,2.0,965709556
19,12,1.0,965705347
19,13,3.0,965709102
19,15,2.0,965710039
19,19,2.0,965708339
19,32,4.0,965703646
19,34,4.0,965705661
19,44,3.0,965710019
19,47,3.0,965710720
19,48,1.0,965709172
19,54,2.0,965702660
19,64,2.0,965708037
19,65,2.0,965708217
19,11,2.0,965704974
19,40,2.0,965708059
19,1,2.0,965712048
19,35,1.0,965708653
19,8,2.0,965706185
19,30,2.0,965706886
19,54,3.0,965708217
19,12,3.0,965707637
19,67,1.0,965706592
19,42,2.0,965707889
19,19,3.0,965709785
19,17,2.0,965710914
19,52,3.0,965711413
19,36,3.0,965711598
19,45,1.0,965703997
19,44,2.0,965704056
19,5,2.0,965707724
19,7,2.0,965703915
19,63,2.0,965709832
19,50,2.0,965707746
19,43,3.0,965705917
19,33,2.0,965706728
19,9,4.0,965705784
19,46,3.0,965706507
19,19,3.0,965704952
19,56,1.0,965703997
19,43,3.0,965704033
19,2,4.0,965704248
19,50,1.0,965705240
19,38,2.0,965706795
19,21,2.0,965712018
19,25,4.0,965710720
19,23,3.0,965708038
19,62,2.0,965703785
19,65,1.0,965710693
19,47,2.0,965708360
19,42,2.0,965705076
19,36,2.0,965709622
19,57,3.0,965705097
19,39,2.0,965703973
19,44,2.0,965706548
19,1,2.0,965703940
19,38,3.0,965706365
19,37,2.0,965706566
19,24,2.0,965706276
19,54,2.0,965712461
19,39,2.0,965706045
19,23,5.0,965711267
19,25,2.0,965706045
19,35,4.0,965706092
19,44,2.0,965709622
19,67,3.0,965709102
19,7,2.0,965704974
19,37,4.0,965704281
19,10,3.0,965706636
19,38,3.0,965707669
19,55,1.0,965706507
19,6,2.0,965708038
19,5,4.0,965711156
19,65,3.0,965707419
19,12,2.0,965703885
19,40,3.0,965707487
19,35,3.0,965705059
19,12,2.0,965706683
19,36,2.0,965706886
19,17,2.0,965708098
19,3,3.0,965711481
19,16,3.0,965711598
19,55,3.0,965712068
19,28,3.0,965707983
19,67,3.0,965709832
19,4,2.0,965703973
19,15,3.0,965706114
19,50,3.0,965703811
19,53,2.0,965706907
19,39,2.0,965706866
19,12,2.0,965710092
19,44,4.0,965710781
19,21,3.0,965707518
19,21,3.0,965706967
19,12,2.0,965707518
19,28,3.0,965710914
19,17,2.0,965703785
19,37,2.0,965707889
19,29,2.0,965707828
19,40,2.0,965711106
19,18,2.0,965711156
19,45,3.0,965706045
19,59,2.0,965706636
19,28,2.0,965703885
19,64,3.0,965707637
19,60,2.0,965706795
19,6,1.0,965707576
19,14,3.0,965706839
19,20,1.0,965711928
19,31,4.0,965703555
19,24,2.0,965707983
19,9,3.0,965706232
19,52,2.0,965704079
19,31,5.0,965706163
19,19,2.0,965704355
19,1,2.0,965706866
19,63,3.0,965707079
19,56,3.0,965706438
19,17,3.0,965706337
19,15,5.0,965710720
19,14,5.0,965709445
19,12,3.0,965706967
19,44,2.0,965705362
19,34,3.0,965703785
19,36,2.0,965704056
19,23,2.0,965711342
19,43,2.0,965708098
19,17,1.0,965712018
19,3,3.0,965709656
19,12,2.0,965704331
19,25,3.0,965709102
19,8,2.0,965703674
19,6,1.0,965704355
19,37,4.0,965703973
19,57,3.0,965706615
19,34,2.0,965709172
19,46,3.0,965709923
19,53,2.0,965707724
19,33,4.0,965708982
19,42,4.0,965705076
19,34,3.0,965709534
19,3,2.0,965709785
19,29,3.0,965711994
19,40,2.0,965707137
19,37,4.0,965708982
19,51,3.0,965709832
19,15,1.0,965708038
19,26,4.0,965709144
19,34,2.0,965706209
19,29,2.0,965703885
19,53,2.0,965710019
19,16,3.0,965705040
19,44,1.0,965704375
19,59,4.0,965707552
19,27,2.0,965706415
19,5,2.0,965707016
19,48,2.0,965711184
19,42,4.0,965706317
19,65,1.0,965712018
19,4,2.0,965705347
19,55,2.0,965704033
19,51,4.0,965706209
19,35,2.0,965710781
19,4,1.0,965705195
19,9,2.0,965711873
19,46,1.0,965707137
19,29,5.0,965710671
19,51,5.0,965712377
19,6,3.0,965711014
19,58,4.0,965705661
19,17,3.0,965705725
19,5,5.0,965712238
19,12,2.0,965706045
19,17,3.0,965706068
19,21,3.0,965712377
19,21,3.0,965710781
19,31,4.0,965710914
19,47,4.0,965705982
19,54,2.0,965710693
19,22,2.0,965708318
19,25,3.0,965709445
19,25,3.0,965706728
19,44,3.0,965706866
19,57,2.0,965707419
19,46,2.0,965706092
19,35,2.0,965709622
19,19,1.0,965709068
19,22,1.0,965703940
19,23,3.0,965711308
19,4,2.0,965709622
19,23,3.0,965706795
19,53,2.0,965708098
19,39,4.0,965704248
19,49,3.0,965703605
19,24,4.0,965705725
19,9,2.0,965706389
19,30,4.0,965710914
19,37,3.0,965710671
19,5,2.0,965711649
19,51,5.0,965709282
19,21,3.0,965709478
19,36,3.0,965703727
19,52,3.0,965705588
19,63,4.0,965705539
19,57,2.0,965712263
19,1,4.0,965702660
19,46,4.0,965703555
19,6,5.0,965705725
19,36,5.0,965709394
19,44,3.0,965710693
19,2,3.0,965709445
19,49,4.0,965703555
19,36,3.0,965706068
19,23,4.0,965704863
19,61,4.0,965705661
19,36,3.0,965705784
19,22,4.0,965703605
19,51,4.0,965705619
19,27,3.0,965705725
19,20,2.0,965704863
19,22,3.0,965705725
19,46,4.0,965705677
19,17,3.0,965710521
19,8,4.0,965705942
19,2,4.0,965703583
19,54,4.0,965704863
19,24,5.0,965706185
19,5,5.0,965709426
19,6,4.0,965706140
19,14,3.0,965705962
19,61,2.0,965705443
19,2,2.0,965705263
19,50,2.0,965705240
19,27,3.0,965704881
19,55,2.0,965705040
19,39,2.0,965704952
19,7,3.0,965704931
19,15,2.0,965705137
19,3,2.0,965704974
19,11,2.0,965711649
19,23,3.0,965709478
19,65,3.0,965707983
19,24,1.0,965706615
19,62,3.0,965709622
19,34,5.0,965703698
19,4,1.0,965703973
19,1,5.0,965709478
19,3,3.0,965703853
19,37,4.0,965703698
19,20,3.0,965706683
19,22,3.0,965707419
19,4,2.0,965707828
19,27,3.0,965706839
19,45,3.0,965703997
19,28,3.0,965705619
19,6,3.0,965703627
19,66,2.0,965707101
19,17,3.0,965704952
19,6,3.0,965707769
19,48,1.0,965712068
19,25,3.0,965706438
19,58,2.0,965706185
19,10,3.0,965706728
19,56,3.0,965707769
19,31,2.0,965707137
19,52,3.0,965711598
19,57,3.0,965707044
19,41,2.0,965709204
19,7,1.0,965711994
19,23,2.0,965705962
19,5,3.0,965705845
19,54,5.0,965703811
19,1,2.0,965706232
19,1,1.0,965704033
19,51,2.0,965706866
19,21,2.0,965710019
19,19,3.0,965709622
19,17,1.0,965712048
19,13,1.0,965710092
19,36,4.0,965706297
19,10,3.0,965706683
19,45,4.0,965703727
19,7,2.0,965703698
19,16,3.0,965704375
19,23,3.0,965703628
19,55,2.0,965707079
19,39,1.0,965711946
19,21,2.0,965704079
19,52,2.0,965708002
19,48,2.0,965711237
19,35,2.0,965703885
19,10,3.0,965710871
19,37,2.0,965707576
19,48,4.0,965710565
19,51,4.0,965710871
19,49,2.0,965705263
19,62,2.0,965711014
19,64,2.0,965706163
19,67,4.0,965703628
19,29,5.0,965711769
19,45,3.0,965705845
19,61,1.0,965707552
19,46,2.0,965709622
19,35,2.0,965702660
19,38,3.0,965710220
19,21,3.0,965709144
19,43,2.0,965706967
19,57,1.0,965703885
19,44,3.0,965704331
19,25,3.0,965705195
19,62,2.0,965712018
19,6,3.0,965711128
19,49,3.0,965705896
19,47,2.0,965706092
19,35,3.0,965703785
19,46,2.0,965711237
19,46,3.0,965706438
19,14,2.0,965711481
19,61,1.0,965711649
19,21,2.0,965706163
19,52,1.0,965712048
19,54,3.0,965711106
19,25,2.0,965706683
19,38,3.0,965705540
19,62,1.0,965706415
19,30,2.0,965704033
19,48,3.0,965710871
19,46,3.0,965706276
19,13,2.0,965704331
19,38,2.0,965708132
19,24,1.0,965704079
19,30,1.0,965704375
19,44,2.0,965701107
19,1,2.0,965705982
19,41,2.0,965707419
19,31,2.0,965705454
19,32,2.0,965712882
19,56,2.0,965707487
19,58,2.0,965706771
19,27,2.0,965706657
19,65,3.0,965709025
19,53,3.0,965703785
19,28,2.0,965707419
19,4,2.0,965703973
19,4,3.0,965708059
19,62,2.0,965705572
19,53,3.0,965704331
19,15,3.0,965710871
19,7,4.0,965705784
19,29,2.0,965703973
19,41,3.0,965705725
19,21,5.0,965704281
19,21,2.0,965705917
19,38,3.0,965705240
19,3,3.0,965705347
19,60,1.0,965705301
19,57,2.0,965705322
19,11,2.0,965705195
19,18,3.0,965710781
19,13,3.0,965705942
19,20,2.0,965706507
19,43,3.0,965707724
19,22,3.0,965706389
19,43,3.0,965705117
19,33,4.0,965704281
19,16,2.0,965703834
19,22,3.0,965703915
19,37,2.0,965707669
19,18,3.0,965706839
19,45,3.0,965708059
19,50,2.0,965705322
19,64,1.0,965708217
19,46,3.0,965709172
19,10,2.0,965703973
19,14,2.0,965708339
19,11,4.0,965707724
19,7,2.0,965706728
19,29,4.0,965708002
19,46,3.0,965708132
19,1,2.0,965703727
19,45,3.0,965709172
19,20,2.0,965707576
19,32,2.0,965704056
19,46,3.0,965704304
19,17,3.0,965707769
19,42,2.0,965706045
19,3,2.0,965707518
19,42,2.0,965705896
19,44,4.0,965709068
19,48,3.0,965707487
19,11,3.0,965707828
19,48,2.0,965709172
19,47,4.0,965703915
19,3,3.0,965704904
19,2,3.0,965704281
19,59,3.0,965703853
19,49,3.0,965706140
19,16,3.0,965706250
19,13,3.0,965706140
19,7,3.0,965709534
19,10,2.0,965711106
19,58,3.0,965709172
19,26,3.0,965706484
19,43,2.0,965706525
19,7,4.0,965702660
19,65,3.0,965709025
19,26,4.0,965703674
19,53,3.0,965704304
19,53,3.0,965706297
19,38,2.0,965706615
19,33,2.0,965705195
19,59,3.0,965706276
19,57,3.0,965710092
19,63,3.0,965704952
19,18,2.0,965707889
19,16,2.0,965706728
19,35,4.0,965704248
19,63,3.0,965712882
19,21,4.0,965710671
19,59,3.0,965704304
19,51,3.0,965710671
19,7,3.0,965711039
19,6,3.0,965701107
19,52,3.0,965703756
19,24,2.0,965706114
19,67,2.0,965706507
19,61,3.0,965706592
19,53,3.0,965705822
19,13,3.0,965707637
19,17,4.0,965704355
19,18,2.0,965706615
19,49,2.0,965706636
19,12,2.0,965711529
19,26,3.0,965707828
19,47,2.0,965712882
19,54,2.0,965705219
19,8,3.0,965710914
19,5,3.0,965709068
19,36,3.0,965706415
19,36,2.0,965705263
19,28,3.0,965711342
19,20,3.0,965706019
19,57,2.0,965705347
19,59,3.0,965707576
19,12,1.0,965705347
19,4,2.0,965707419
19,43,3.0,965705896
19,42,4.0,965706337
19,35,2.0,965707016
19,20,4.0,965706592
19,12,1.0,965707044
19,57,2.0,965707518
19,21,2.0,965707576
19,51,3.0,965706907
19,38,3.0,965703940
19,8,3.0,965709144
19,5,4.0,965705784
19,31,3.0,965706415
19,37,2.0,965706592
19,11,3.0,965706548
19,21,3.0,965709785
19,8,3.0,965706438
19,47,2.0,965707101
19,48,4.0,965706337
19,27,2.0,965706771
19,16,3.0,965703915
19,53,2.0,965711873
19,38,2.0,965710039
19,29,3.0,965704304
19,4,2.0,965703698
19,19,2.0,965708098
19,46,2.0,965706209
19,20,1.0,965705405
19,64,3.0,965712410
19,14,2.0,965707724
19,26,3.0,965706365
19,15,2.0,965706748
19,16,3.0,965707552
19,61,3.0,965711184
19,61,4.0,965708132
19,51,3.0,965706683
19,1,2.0,965706185
19,61,1.0,965705195
19,42,2.0,965706728
19,9,2.0,965709500
19,12,2.0,965706592
19,8,2.0,965705383
19,3,3.0,965704904
19,20,1.0,965708587
19,5,2.0,965706415
19,34,4.0,965703605
19,35,3.0,965706365
19,45,3.0,965706839
19,52,2.0,965711649
19,50,4.0,965705117
19,66,1.0,965705422
19,18,3.0,965705018
19,24,3.0,965704281
19,23,3.0,965703756
19,21,3.0,965703674
19,65,3.0,965703727
19,21,1.0,965704033
19,38,1.0,965704127
19,37,3.0,965704999
19,25,2.0,965703853
19,65,3.0,965704033
19,33,3.0,965706592
19,10,2.0,965709025
19,64,2.0,965706839
19,13,3.0,965703915
19,39,4.0,965705845
19,57,1.0,965704111
19,54,3.0,965706636
19,39,2.0,965707101
19,67,2.0,965704999
19,33,4.0,965704931
19,64,1.0,965705195
19,6,2.0,965705383
19,57,1.0,965708653
19,41,2.0,965711529
19,28,5.0,965706484
19,36,2.0,965707746
19,66,3.0,965704974
19,54,1.0,965705405
19,55,4.0,965710565
19,31,4.0,965711106
19,50,2.0,965705822
19,51,2.0,965705802
19,62,2.0,965705301
19,48,3.0,965704248
19,31,3.0,965711413
19,51,3.0,965705572
19,6,2.0,965706795
19,41,2.0,965701107
19,31,2.0,965710019
19,1,3.0,965706525
19,26,2.0,965711793
19,45,3.0,965709047
19,50,4.0,965702994
19,56,2.0,965706684
19,37,3.0,965706185
19,62,3.0,965706365
19,48,3.0,965706068
19,45,3.0,965707828
19,35,2.0,965705195
19,63,2.0,965703885
19,63,1.0,965705137
19,56,2.0,965706337
19,64,3.0,965709500
19,28,5.0,965705867
19,19,4.0,965705867
19,23,3.0,965708360
19,27,5.0,965703109
19,3,5.0,965703674
19,63,3.0,965703785
19,28,5.0,965709047
19,50,2.0,965705322
19,10,4.0,965705619
19,66,2.0,965711873
19,50,3.0,965705117
19,28,2.0,965705301
19,13,2.0,965708339
19,35,3.0,965703727
19,9,2.0,965703811
19,34,3.0,965709047
19,20,4.0,965705619
19,45,3.0,965706092
19,30,3.0,965706438
19,35,3.0,965711039
19,21,2.0,965707487
19,27,3.0,965706163
19,11,4.0,965711994
19,38,2.0,965711769
19,40,2.0,965711481
19,51,5.0,965703674
19,36,2.0,965706045
19,4,3.0,965703033
19,55,2.0,965703061
19,65,3.0,965706297
19,45,1.0,965711014
19,16,2.0,965705784
19,54,4.0,965705917
19,52,2.0,965712018
19,29,2.0,965705725
19,36,1.0,965703084
19,23,1.0,965703834
19,24,4.0,965703727
19,2,1.0,965703010
19,43,1.0,965703443
19,40,2.0,965710957
19,6,4.0,965708982
19,58,2.0,965711529
19,20,3.0,965703061
19,28,1.0,965703061
19,64,3.0,965707552
19,14,3.0,965707419
19,64,2.0,965708339
19,47,2.0,965706068
19,23,2.0,965706967
19,43,2.0,965706209
19,18,2.0,965711810
19,65,2.0,965706703
19,66,2.0,965706592
19,11,3.0,965705040
19,24,2.0,965703940
19,2,2.0,965703084
19,58,3.0,965703299
19,3,2.0,965703061
19,45,2.0,965706484
19,13,2.0,965703425
19,33,2.0,965703084
19,30,2.0,965703061
19,13,5.0,965706140
19,32,2.0,965705725
19,2,2.0,965710720
19,58,2.0,965707828
19,4,1.0,965704375
19,62,3.0,965707983
19,6,3.0,965707983
19,32,5.0,965705896
19,18,2.0,965706019
19,33,2.0,965706276
19,18,3.0,965709047
19,49,2.0,965703973
19,40,2.0,965703299
19,56,3.0,965701125
19,43,4.0,965705661
19,26,2.0,965705784
19,49,2.0,965704355
19,7,3.0,965706365
19,4,3.0,965706185
19,35,2.0,965703458
19,67,2.0,965704331
19,10,4.0,965703583
19,56,3.0,965704931
19,65,5.0,965706839
19,4,3.0,965704304
19,4,2.0,965703200
19,64,2.0,965704652
19,24,2.0,965703269
19,58,2.0,965704331
19,42,2.0,965707137
19,9,3.0,965704904
19,20,2.0,965706907
19,64,2.0,965706548
19,35,3.0,965711106
19,37,3.0,965703236
19,14,3.0,965703299
19,4,2.0,965706019
19,25,2.0,965703269
19,12,2.0,965703221
19,39,2.0,965704618
19,51,2.0,965706389
19,67,3.0,965704999
19,50,3.0,965710781
19,60,3.0,965703221
19,61,2.0,965711794
19,10,2.0,965706415
19,60,2.0,965702805
19,66,3.0,965705943
19,31,3.0,965706114
19,57,2.0,965702805
19,23,3.0,965702776
19,7,3.0,965703646
19,67,3.0,965705784
19,46,3.0,965712238
19,57,3.0,965702660
19,23,3.0,965711156
19,36,3.0,965702660
19,62,2.0,965706728
19,45,2.0,965703756
19,6,2.0,965703811
19,56,2.0,965703756
19,21,2.0,965703756
19,40,2.0,965710092
19,19,3.0,965711128
19,34,2.0,965711769
19,12,3.0,965706748
19,18,2.0,965702842
19,17,2.0,965706276
19,31,2.0,965702940
19,60,2.0,965702866
19,2,4.0,965702776
19,2,3.0,965702777
19,64,3.0,965702843
19,11,4.0,965702777
19,38,3.0,965711184
19,41,2.0,965703915
19,34,2.0,965702923
19,6,1.0,965702905
19,55,4.0,965702777
19,36,3.0,965702954
19,31,2.0,965702843
19,35,2.0,965704079
19,45,3.0,965706415
19,47,3.0,965702777
19,31,1.0,965702843
19,17,2.0,965711413
19,28,1.0,965704999
19,1,1.0,965705219
20,2,3.0,1054038313
20,8,1.0,1054038422
20,13,4.0,1054038425
20,34,4.0,1054038093
20,48,5.0,1054038357
20,12,3.5,1054038320
20,12,3.0,1054038381
20,66,4.5,1054038398
20,56,4.5,1054038142
20,34,3.5,1054038283
20,64,4.0,1054038216
20,65,5.0,1054038067
20,41,4.5,1054038162
20,16,5.0,1054038128
20,11,3.0,1054038279
20,35,5.0,1054038059
20,21,5.0,1054038083
20,37,5.0,1054038060
20,66,4.5,1054038175
20,23,5.0,1054038185
20,54,3.0,1054038318
20,48,5.0,1054038502
20,59,3.5,1054038251
20,49,2.5,1054038390
20,23,4.0,1054038259
20,41,4.0,1054147395
20,27,4.5,1054036277
20,33,5.0,1054038078
20,65,3.5,1054038204
20,22,3.0,1054038376
20,67,4.0,1054038180
20,25,4.0,1054038219
20,10,3.5,1054038254
20,66,3.5,1054038336
20,53,2.0,1054038421
20,13,4.5,1054038135
20,4,5.0,1054038107
20,38,4.5,1054038076
20,30,4.5,1054038189
20,28,3.0,1054038374
20,52,3.0,1054038326
20,35,3.5,1054038130
20,22,4.5,1054147359
20,38,5.0,1054038071
20,67,4.5,1054147512
20,19,5.0,1054038065
20,44,5.0,1054038506
20,19,4.5,1054038160
20,30,3.5,1054036254
20,44,3.0,1054038378
20,43,5.0,1054147442
20,46,4.0,1054147467
20,51,3.0,1054038387
20,47,4.5,1054038231
20,55,4.5,1054038258
20,49,3.0,1054036240
20,45,3.0,1054038355
20,18,2.0,1054036210
20,43,5.0,1054038097
20,55,3.5,1054038348
20,11,5.0,1054147380
20,54,5.0,1054038151
20,28,2.0,1054036200
20,10,4.0,1054038166
20,59,4.0,1054038365
20,12,3.5,1054038325
20,24,2.5,1054036164
20,46,3.5,1054038343
20,24,4.5,1054038081
20,55,4.0,1054038091
20,54,5.0,1054038138
20,12,5.0,1054038103
20,7,4.0,1054038493
20,56,4.5,1054038136
20,2,4.5,1054038249
20,26,3.0,1054038269
20,57,3.0,1054147515
20,41,4.0,1054038145
20,67,3.5,1054036178
20,67,2.5,1054038315
20,56,5.0,1054147519
20,63,4.5,1054038124
20,16,4.0,1054038148
20,50,4.5,1054038233
20,19,4.5,1054038165
20,48,2.0,1054036297
20,15,3.5,1054038140
20,30,5.0,1054147430
20,21,4.0,1054038063
20,13,5.0,1054038545
20,24,2.0,1054038297
20,62,3.5,1054147376
20,43,2.5,1054036168
20,56,5.0,1054147479
20,55,4.5,1054038187
20,25,4.5,1054038561
20,54,1.0,1054036268
20,19,5.0,1054038446
20,36,4.5,1054147419
20,41,4.5,1054038106
20,52,2.5,1054036192
20,47,5.0,1054036159
20,50,4.0,1054038534
20,35,4.0,1054147411
20,32,5.0,1054038485
20,25,5.0,1054038099
20,33,5.0,1054038084
20,2,3.0,1054038435
20,29,5.0,1054038115
20,26,3.5,1054037310
20,60,3.0,1054147217
20,53,3.5,1054037596
20,31,5.0,1054038057
20,66,5.0,1054038117
20,32,5.0,1054038201
20,32,3.5,1054037151
20,32,4.0,1054037584
20,62,4.0,1054038460
20,46,3.5,1054038288
20,46,3.0,1054037270
20,30,3.0,1054037253
20,6,1.0,1054037573
20,19,1.5,1054037346
20,48,5.0,1054147384
20,10,3.0,1054147183
20,12,3.0,1054037706
20,27,4.5,1054037169
20,67,2.5,1054037838
20,20,3.0,1054147285
20,25,2.0,1054037231
20,35,1.0,1054147299
20,37,5.0,1054037147
20,55,3.0,1054037352
20,63,4.5,1054147193
20,66,2.5,1054037759
20,17,3.5,1054037246
20,23,4.0,1054037964
20,11,2.5,1054037657
20,47,4.5,1054036184
20,20,3.5,1054037203
20,58,4.5,1054037160
20,31,3.0,1054147174
20,3,3.5,1054147198
20,57,2.5,1054037622
20,9,3.5,1054037831
20,24,0.5,1054037862
20,59,2.5,1054037305
20,66,3.5,1054037208
20,60,2.0,1054147273
20,23,4.0,1054037132
20,32,4.5,1054037249
20,29,4.0,1054037081
20,22,3.5,1054036206
20,17,3.5,1054147190
20,25,4.0,1054036290
20,12,4.0,1054037969
20,9,5.0,1054147453
20,50,2.5,1054037695
20,61,3.5,1054038271
20,62,4.0,1054037824
20,4,3.5,1054147312
20,19,3.5,1054037196
20,46,0.5,1054037511
20,29,5.0,1054037200
20,45,0.5,1054147293
20,39,3.5,1054147230
20,15,5.0,1054037117
20,47,3.5,1054037213
20,3,4.0,1054147265
20,44,3.5,1054147210
20,13,1.5,1054038539
20,67,0.5,1054147289
20,26,2.0,1054037557
20,29,3.0,1054037504
20,58,3.5,1054037158
20,1,3.5,1054037907
20,5,3.0,1054037488
20,48,2.0,1054037667
20,43,3.5,1054038247
20,66,1.5,1054147250
20,60,3.0,1054037434
20,7,3.0,1054147258
20,27,4.0,1054037671
20,67,3.0,1054037502
20,46,3.5,1054037141
20,58,1.0,1054037534
20,30,3.5,1054037390
20,21,3.5,1054037095
20,8,3.5,1054037616
20,20,0.5,1054037528
20,6,2.5,1054037303
20,46,1.5,1054037367
20,25,3.0,1054037653
20,39,4.0,1054037089
20,18,4.5,1054037243
20,63,3.5,1054037324
20,61,4.0,1054037364
20,23,4.0,1054037593
20,53,5.0,1054037162
20,60,5.0,1054037101
20,35,4.5,1054037401
20,41,4.0,1054037384
20,7,4.0,1054037122
20,4,4.0,1054038111
20,49,3.0,1054037644
20,56,2.0,1054037913
20,45,5.0,1054037258
20,5,3.0,1054147243
20,23,3.5,1054037273
20,52,4.0,1054037084
20,66,0.5,1054147317
20,39,3.0,1054037241
20,35,4.0,1054037333
20,45,4.0,1054147227
20,44,4.0,1054037110
20,56,3.0,1054037279
20,48,0.5,1054037857
20,51,4.5,1054037115
20,38,2.0,1054147287
20,39,1.0,1054037494
20,11,3.0,1054037284
20,56,0.5,1054037842
20,8,0.5,1054147297
20,10,5.0,1054037190
20,37,3.5,1054037295
20,54,3.5,1054037411
20,48,4.0,1054147413
20,24,4.0,1054037720
20,57,4.5,1054037077
20,67,5.0,1054037144
20,53,4.5,1054037112
20,51,5.0,1054037184
20,55,4.0,1054036826
20,58,3.0,1054036804
20,27,2.0,1054036811
20,3,1.5,1054036794
20,36,4.0,1054036780
20,54,4.0,1054036670
20,18,4.0,1054036616
20,21,5.0,1054036623
20,38,3.5,1054147505
20,29,4.0,1054147167
21,1,3.5,1407618878
21,2,3.5,1419795031
21,10,5.0,1403459783
21,19,2.5,1419795052
21,38,2.5,1419795113
21,44,1.0,1376822969
21,48,3.0,1376822924
21,55,3.0,1376823315
21,67,3.5,1418846918
21,61,2.0,1376823399
21,16,4.5,1417378080
21,51,3.0,1436989949
21,62,3.5,1500701533
21,53,4.0,1376823342
21,41,4.5,1407617845
21,46,4.0,1418063557
21,1,3.0,1407617838
21,60,5.0,1376823264
21,30,1.0,1403461004
21,56,4.0,1418063303
21,62,2.5,1407617852
21,15,3.5,1452052129
21,49,0.5,1418063134
21,9,2.5,1376823478
21,27,4.0,1407618992
21,30,3.5,1418846818
21,23,3.5,1419795406
21,57,4.0,1407617864
21,21,4.5,1403637454
21,22,3.5,1419794740
21,61,3.5,1412967983
21,42,4.0,1423422395
21,15,3.0,1412968166
21,11,3.5,1452052029
21,51,2.5,1376823648
21,35,3.0,1500701864
21,16,3.5,1418063296
21,61,3.0,1403459916
21,33,4.5,1403460820
21,9,4.0,1417378082
21,13,2.0,1419795311
21,2,4.5,1417378078
21,2,1.5,1419795364
21,23,2.5,1428775441
21,5,2.5,1418932215
21,19,3.5,1436989924
21,48,3.5,1428775428
21,11,5.0,1407617830
21,64,4.0,1417378089
21,41,3.5,1418063292
21,9,0.5,1468113524
21,14,2.5,1403460635
21,38,4.5,1418846999
21,58,2.5,1452052059
21,25,4.5,1407617833
21,58,3.5,1418932074
21,41,3.5,1418846922
21,27,5.0,1376823419
21,47,2.0,1419025142
21,12,3.5,1418847014
21,63,3.5,1418847026
21,12,2.5,1376823286
21,30,3.5,1418847031
21,20,2.5,1412968210
21,54,5.0,1417378095
21,54,5.0,1418063227
21,55,2.5,1428775446
21,16,3.0,1500701912
21,54,2.0,1376822671
21,25,4.0,1403460900
21,43,3.5,1441393080
21,17,1.0,1500701981
21,60,3.5,1412967978
21,58,0.5,1441826867
21,16,3.0,1441826921
21,12,4.5,1376823423
21,5,2.5,1376822727
21,35,3.0,1418847038
21,53,2.5,1441393000
21,3,4.0,1423422347
21,11,4.0,1412967877
21,44,4.0,1376823011
21,64,4.0,1412967844
21,50,3.5,1468113361
21,28,4.0,1418063222
21,67,4.0,1417378450
21,4,2.5,1427558183
21,58,2.5,1419025163
21,41,5.0,1376823724
21,56,3.5,1407617856
21,2,4.0,1500701951
21,1,3.0,1376823007
21,34,0.5,1403460436
21,8,4.0,1403460837
21,22,2.0,1441392960
21,41,4.0,1418846927
21,63,4.5,1403460424
21,31,4.5,1403460596
21,30,4.5,1403460427
21,61,3.0,1500701906
21,38,2.0,1441392954
21,58,3.5,1376823280
21,17,4.5,1403459790
21,44,4.5,1403459797
21,4,4.5,1403460842
21,30,4.5,1403460828
21,60,0.5,1441393015
21,15,4.0,1407617678
21,8,5.0,1376822996
21,8,3.5,1419795374
21,37,4.0,1407617774
21,20,3.0,1407617682
21,22,3.5,1419794797
21,24,2.5,1436989941
21,18,2.0,1403459815
21,3,4.0,1376823417
21,33,4.5,1403460850
21,53,4.5,1403459821
21,53,4.5,1403459801
21,21,4.5,1403459833
21,24,2.5,1468113456
21,29,3.5,1441392970
21,33,4.0,1403460977
21,55,4.0,1403460993
21,63,3.5,1421521749
21,8,4.5,1403460840
21,58,1.0,1418063141
21,57,4.0,1403460891
21,20,2.5,1419794718
21,28,3.5,1441826878
21,7,4.0,1418932197
21,9,3.5,1412967924
21,11,4.5,1441393840
21,49,4.0,1419025398
21,59,2.5,1419794704
21,43,4.0,1376823473
21,20,3.0,1500701884
21,30,3.5,1403459884
21,47,4.5,1376823727
21,52,3.5,1418932236
21,29,4.0,1418932147
21,58,4.5,1403460880
21,32,3.0,1403460991
21,10,1.5,1419025153
21,37,4.0,1407617661
21,10,3.0,1468113409
21,18,3.0,1452052112
21,31,1.0,1468113551
21,8,3.0,1441826946
21,42,4.0,1403459855
21,27,4.0,1412967834
21,54,4.5,1418932153
21,21,4.5,1376823441
21,37,3.0,1403459874
21,33,4.0,1407617614
21,7,2.0,1403460925
21,56,4.0,1418932149
21,21,5.0,1376822796
21,65,2.0,1419025155
21,14,3.5,1421521738
21,66,3.5,1500702115
21,60,2.0,1419794816
21,25,3.5,1418063571
21,7,3.0,1403459840
21,58,3.5,1376823470
21,36,4.0,1419795351
21,20,3.5,1421521954
21,45,1.5,1468113479
21,39,4.0,1403459862
21,48,4.0,1417378457
21,63,4.0,1412967530
21,66,1.5,1419025150
21,23,3.0,1452052088
21,55,1.5,1468113476
21,53,4.5,1403460592
21,38,4.5,1403459807
21,58,5.0,1403459786
21,22,2.5,1419794804
21,26,4.0,1419025402
21,28,4.0,1412968057
21,9,4.5,1407617755
21,21,0.5,1418063157
21,45,3.0,1441826943
21,15,4.0,1418063518
21,65,4.0,1407617301
21,55,4.0,1441826871
21,50,3.0,1418063030
21,25,3.5,1441393027
21,19,4.0,1421521732
21,7,4.5,1403459871
21,11,3.0,1418063547
21,8,3.5,1500701995
21,8,3.0,1418063364
21,50,3.5,1421521760
21,7,3.5,1427558524
21,3,3.5,1418926520
21,27,3.5,1500701989
21,66,3.0,1468113492
21,11,4.5,1419025243
21,64,4.5,1417378092
21,35,4.0,1413055282
21,17,4.0,1468113421
21,42,3.5,1441826836
21,30,3.5,1468113413
21,46,3.0,1468113542
21,28,3.0,1407617697
21,62,3.5,1468113445
21,55,1.5,1468114330
21,1,2.5,1376823734
21,44,1.5,1418926598
21,26,4.0,1403460886
21,10,3.0,1468113305
21,54,3.5,1427558491
21,28,2.5,1418932060
21,7,3.5,1423422539
21,23,3.5,1428775459
21,17,3.5,1418063317
21,50,3.0,1419794605
21,33,3.5,1419794505
21,64,4.0,1403460908
21,23,5.0,1500701943
21,57,4.0,1418063254
21,34,3.5,1417378121
21,52,2.0,1376823741
21,64,3.5,1452051990
21,54,3.5,1417378446
21,37,3.5,1452052044
21,12,0.5,1418063085
21,61,3.5,1418846853
21,32,4.5,1403460883
21,35,4.0,1427558171
21,5,4.5,1403637459
21,31,3.0,1403460418
21,5,3.5,1468113351
21,65,3.5,1427558503
21,30,4.0,1412967989
21,16,3.5,1427558186
21,46,3.0,1441826928
21,29,2.0,1468113562
21,48,3.5,1376823495
21,35,4.5,1441393230
21,30,4.0,1418063513
21,52,3.0,1419025209
21,33,2.5,1376823737
21,12,4.0,1421521751
21,58,3.5,1412967541
21,27,3.0,1427558545
21,26,3.5,1423422271
21,39,3.5,1500702119
21,35,1.0,1468113607
21,61,3.5,1468113389
21,1,3.5,1423422268
21,6,3.5,1412967546
21,38,2.5,1419794800
21,30,0.5,1419794430
21,8,3.5,1468113374
21,16,3.5,1419794523
21,21,4.5,1407617748
21,10,3.5,1500701830
21,61,3.5,1418926516
21,63,3.5,1468113535
21,53,4.0,1419025406
21,5,4.0,1412967862
21,16,3.5,1441826981
21,49,3.5,1468113532
21,41,3.0,1452051960
21,28,4.0,1418847046
21,44,2.5,1419795394
21,23,2.0,1376823744
21,35,3.0,1419794924
21,4,3.5,1468113317
21,9,1.5,1418063012
21,65,2.5,1423422284
21,42,3.5,1419795323
21,20,2.5,1441826938
21,37,4.0,1418847003
21,31,3.5,1468113385
21,65,4.0,1412968153
21,16,4.5,1419025376
21,67,3.5,1441393020
21,51,2.0,1419794777
21,42,4.0,1427558538
21,7,3.5,1452052079
21,41,3.5,1500701875
21,7,3.0,1418926532
21,17,3.0,1419025199
21,53,3.5,1419795367
21,63,2.5,1419794453
21,21,1.0,1418846850
21,52,3.0,1427558206
21,6,3.5,1418846865
21,23,4.0,1427558240
21,45,3.5,1421521681
21,15,4.0,1418932202
21,43,0.5,1418063166
21,44,3.5,1436989953
21,39,3.5,1468113498
21,64,4.0,1412967987
21,17,3.5,1441393049
21,2,2.5,1418926552
21,57,3.0,1441393053
21,39,4.0,1418063440
21,61,3.5,1468113329
21,22,3.5,1419795371
21,20,3.5,1418063237
21,10,3.5,1468113336
21,39,4.0,1423422327
21,47,3.0,1468114339
21,56,3.0,1427558499
21,62,4.0,1427558669
21,4,4.0,1423422377
21,16,3.0,1419794692
21,31,3.5,1468113332
21,46,4.0,1418062991
21,26,3.5,1419794434
21,58,3.5,1441826957
21,60,3.0,1418063017
21,29,2.0,1418063462
21,16,4.0,1419795339
21,63,3.5,1500701958
21,25,2.0,1468114333
21,4,3.5,1376823135
21,24,3.5,1418846981
21,19,3.5,1441826975
21,26,1.5,1418063469
21,39,4.5,1427558933
21,65,3.5,1441393005
21,4,4.0,1376823593
21,4,3.0,1376823571
21,1,2.0,1403461682
21,22,4.0,1418932178
21,12,3.5,1403460734
21,46,3.0,1403460742
21,6,4.0,1403460687
21,23,3.5,1403460758
21,3,3.5,1403461849
21,3,4.0,1403460773
21,21,0.5,1376823555
21,18,3.5,1403460755
21,44,1.5,1376823528
21,54,3.5,1403460744
21,17,4.0,1403460713
21,18,3.5,1403460501
21,40,4.0,1403460671
21,27,2.0,1403460712
21,18,4.0,1403460774
21,50,2.0,1403460491
21,13,3.5,1403461701
21,65,3.5,1403461833
21,51,4.0,1403460683
21,46,3.0,1418846905
21,3,3.5,1403460183
21,47,2.5,1403460178
21,60,4.0,1403460685
21,22,3.0,1403459964
21,38,3.0,1403460691
21,54,3.5,1403459951
21,47,2.5,1418846877
21,48,0.5,1418063180
21,24,4.0,1403460679
21,8,1.5,1418063184
21,39,3.0,1403460188
21,26,3.5,1500701759
21,15,1.0,1468113609
21,37,3.0,1403461870
21,42,3.5,1403460482
21,24,3.0,1423422297
21,47,2.5,1403460135
21,28,3.5,1403460128
21,40,1.5,1403460101
21,34,3.5,1407619805
21,55,4.0,1403460142
21,39,3.0,1468113465
21,59,2.5,1407617738
21,28,3.5,1412967458
21,13,4.0,1403460536
21,35,3.5,1403460530
21,42,4.5,1403460346
21,47,4.5,1439751899
21,5,3.5,1403460002
21,21,3.5,1418063411
21,64,3.5,1500701849
21,1,3.5,1418063384
21,19,4.0,1412967449
21,27,3.5,1468113309
21,24,1.0,1419794281
21,51,3.5,1452052151
21,30,3.5,1441393892
21,23,4.0,1441393075
21,67,3.5,1418063541
21,61,2.5,1423422308
21,27,3.5,1452051997
21,43,3.5,1418063202
21,47,4.0,1468113298
21,60,2.5,1419794255
21,44,3.5,1419794206
21,18,3.0,1419794218
21,2,3.5,1418063173
21,15,0.5,1419793939
21,45,4.0,1468113211
21,3,3.5,1419794090
21,60,2.0,1419794135
21,1,3.5,1436989603
21,22,4.0,1452051525
21,66,3.5,1441392878
21,26,4.0,1452052163
21,8,3.5,1452052140
21,39,3.5,1483340695
21,2,4.0,1500701517
21,50,3.0,1500701836
21,35,3.0,1452051910
21,7,2.5,1436989795
21,31,3.0,1436989597
21,33,3.5,1436989206
21,27,2.5,1439752061
21,13,4.0,1441392913
21,6,3.5,1452051811
21,15,3.5,1500701506
21,32,0.5,1436989145
21,57,4.5,1436989124
21,61,3.0,1452051788
21,38,4.0,1452051829
21,50,3.5,1500701931
21,52,0.5,1436989816
21,16,0.5,1441394002
21,32,0.5,1441394001
21,4,2.5,1441393919
21,42,3.0,1441393974
21,14,2.5,1452051867
21,55,1.5,1452051514
21,54,4.0,1452051884
21,15,2.0,1452051802
21,1,1.5,1452051859
21,7,4.0,1500701826
21,24,1.0,1468113965
21,65,0.5,1468113939
21,24,4.0,1500701551
21,61,3.5,1500702132
21,27,3.5,1483340772
21,51,4.0,1483340756
21,3,3.5,1500701525
21,30,3.0,1500701559
21,4,0.5,1500701120
22,27,4.5,1268330607
22,14,4.0,1268726081
22,55,4.0,1268726368
22,37,5.0,1268726193
22,10,5.0,1268726309
22,10,5.0,1268726271
22,44,3.0,1268726337
22,39,3.0,1268726053
22,11,5.0,1268726374
22,65,4.0,1268330594
22,4,5.0,1268330620
22,7,4.5,1268726043
22,14,0.5,1268726061
22,30,4.0,1268330584
22,8,4.0,1268330627
22,58,3.5,1268726085
22,7,2.0,1268726093
22,58,3.5,1268726211
22,56,3.0,1268726071
22,19,4.0,1268726047
22,35,3.5,1268726113
22,23,0.5,1268726778
22,15,5.0,1268726106
22,27,4.0,1268727393
22,39,4.0,1268727157
22,16,4.0,1268726837
22,62,0.5,1268726317
22,14,4.5,1268726758
22,15,4.0,1268727100
22,19,2.5,1268726799
22,62,4.5,1268726741
22,33,4.5,1268727180
22,3,3.0,1268726490
22,43,3.0,1268727454
22,13,4.5,1268726967
22,45,1.5,1268726600
22,6,3.5,1268727375
22,29,4.0,1268727442
22,29,3.5,1268726990
22,19,1.0,1268726251
22,61,3.5,1268727353
22,28,0.5,1268727056
22,17,0.5,1268727162
22,30,3.0,1268727177
22,46,3.5,1268727381
22,67,2.0,1268727450
22,39,3.5,1268726826
22,25,4.5,1268726814
22,39,0.5,1268727068
22,28,0.5,1268726358
22,27,3.5,1268726753
22,10,3.5,1268727332
22,40,1.5,1268726926
22,5,2.5,1268727433
22,16,4.0,1268726851
22,24,4.0,1268726636
22,12,4.0,1268726782
22,63,0.5,1268726811
22,23,1.0,1268726287
22,57,3.5,1268726531
22,59,5.0,1268726785
22,22,0.5,1268726944
22,11,0.5,1268727113
22,32,2.0,1268727389
22,48,4.0,1268726866
22,14,2.0,1268727348
22,33,4.0,1268726703
22,59,3.5,1268727357
22,43,2.0,1268726686
22,2,0.5,1268726523
22,64,1.0,1268726502
22,63,2.5,1268727239
22,9,1.0,1268726235
22,29,2.5,1268726623
22,1,3.0,1268726958
22,15,2.5,1268727409
22,13,2.5,1268726871
22,29,3.5,1268726773
22,40,0.5,1268727279
22,2,2.5,1268726935
22,35,3.0,1268726734
22,63,0.5,1268727414
22,27,1.0,1268726712
22,16,1.5,1268726542
22,58,2.5,1268726520
22,3,4.0,1268726262
22,25,5.0,1268727326
22,4,1.5,1268726651
22,42,0.5,1268726807
22,66,0.5,1268726845
22,29,0.5,1268727137
22,38,2.5,1268727289
22,9,3.5,1268727474
22,29,1.0,1268726606
22,58,1.0,1268727308
22,64,4.0,1268726559
22,32,0.5,1268726349
22,9,0.5,1268727294
22,1,4.0,1268726640
22,39,1.0,1268726902
22,23,3.0,1268727214
22,3,0.5,1268727313
22,29,2.0,1268726549
22,66,0.5,1268726579
22,30,1.0,1268727036
22,50,0.5,1268727079
22,11,0.5,1268726299
22,38,3.5,1268726672
22,32,2.0,1268726278
22,12,4.0,1268726556
22,14,0.5,1268727244
22,7,4.0,1268726494
22,18,2.0,1268726512
22,29,0.5,1268727419
22,9,0.5,1268726748
22,12,0.5,1268726596
22,54,0.5,1268727107
22,4,3.5,1268726172
22,13,0.5,1268726132
23,6,4.0,1107342267
23,29,4.0,1107341574
23,32,3.5,1107341750
23,50,4.0,1107163741
23,58,3.0,1107164183
23,46,3.0,1107162721
23,16,4.0,1107162524
23,56,4.0,1107341697
23,49,3.5,1107163773
23,34,3.0,1107342187
23,40,4.0,1107164085
23,50,3.0,1107164178
23,18,2.5,1107342160
23,31,5.0,1107164433
23,29,3.5,1107162895
23,56,4.0,1107341586
23,14,3.0,1107164374
23,44,4.0,1107341701
23,15,3.5,1107163336
23,54,3.0,1107164206
23,46,3.5,1107164418
23,15,3.5,1107163409
23,65,4.0,1107164441
23,43,4.0,1107164855
23,65,4.0,1107162966
23,66,3.0,1107342203
23,49,3.5,1107164077
23,25,3.5,1107341620
23,33,4.0,1107163817
23,65,3.0,1107341920
23,40,4.0,1107163646
23,33,3.5,1107163763
23,14,4.0,1107341582
23,41,3.0,1107341788
23,62,3.0,1107341565
23,15,4.0,1107341571
23,17,4.0,1107162888
23,7,5.0,1107162640
23,53,3.0,1107164469
23,3,4.0,1107341579
23,17,3.5,1107341647
23,49,3.5,1107164383
23,19,3.5,1107163341
23,1,5.0,1107341684
23,64,5.0,1107163618
23,19,5.0,1107162927
23,38,4.0,1107162947
23,16,3.5,1107341801
23,60,3.5,1107162670
23,65,3.0,1107162687
23,50,3.5,1107341734
23,51,4.5,1107163719
23,15,5.0,1107341607
23,66,4.0,1107341726
23,4,4.0,1107163495
23,33,5.0,1107162632
23,26,3.0,1107342166
23,54,4.0,1107163869
23,43,3.5,1107341560
23,46,4.0,1107162645
23,13,3.5,1107162537
23,55,3.5,1107163578
23,61,3.5,1107163015
23,18,3.0,1107162759
23,22,3.0,1107341802
23,66,3.0,1107162960
23,24,3.0,1107164361
23,1,3.0,1107342210
23,40,4.0,1107162749
23,17,3.0,1107162552
23,2,4.0,1107163393
23,61,4.0,1107164093
23,67,4.0,1108703148
23,6,2.0,1107164153
23,2,3.5,1107162827
23,34,3.5,1107162744
23,46,3.0,1107162689
23,15,3.5,1107164425
23,58,3.0,1107164365
23,10,3.5,1107164068
23,21,3.5,1107164248
23,30,4.5,1107163724
23,37,3.0,1107341807
23,65,3.0,1107341855
23,26,3.5,1107164464
23,36,3.5,1107164225
23,29,5.0,1107162656
23,60,3.5,1107163815
23,30,3.0,1107341758
23,32,4.5,1107163706
23,12,4.0,1107164493
23,36,3.5,1107163755
23,45,3.0,1107164209
23,2,4.0,1107163583
23,64,4.0,1107163683
23,10,4.0,1107164450
23,67,4.0,1107163678
23,54,3.5,1107342139
23,52,3.0,1107163993
23,12,5.0,1107341765
23,65,3.0,1107341613
23,46,4.5,1107164874
23,39,3.5,1107163498
23,37,3.5,1107164480
23,42,3.5,1107163501
23,37,3.0,1107162696
23,1,3.0,1107163588
23,3,3.5,1107164073
23,65,3.5,1107164411
23,4,3.0,1107341955
23,56,4.0,1107163471
23,41,4.5,1107164119
23,43,3.0,1107164467
23,2,5.0,1107162995
23,61,3.5,1107341502
23,47,3.0,1107341862
23,14,4.0,1107164430
23,34,4.0,1107162877
23,26,4.0,1107163825
23,41,3.0,1107162817
23,36,3.0,1107164371
24,6,4.5,1458941767
24,32,3.5,1458942033
24,50,4.0,1458942023
24,2,3.5,1458941746
24,19,3.5,1458941225
24,2,4.0,1458942020
24,56,3.5,1458941812
24,61,4.5,1458941989
24,22,4.5,1458940987
24,51,3.5,1458941545
24,15,3.5,1458941837
24,34,4.5,1458941983
24,30,4.0,1458942040
24,62,3.0,1458941618
24,25,3.5,1458942032
24,60,2.0,1458941870
24,5,4.0,1458941008
24,48,4.5,1458941536
24,24,3.5,1458941742
24,16,4.0,1458942000
24,50,4.5,1458940991
24,63,3.0,1458943989
24,20,3.5,1458941866
24,24,4.0,1458941841
24,41,4.0,1458941643
24,24,4.0,1458941715
24,7,3.0,1458941213
24,32,3.0,1458941019
24,57,3.5,1458941784
24,67,3.5,1458942002
24,37,4.0,1458941929
24,53,4.0,1458940984
24,53,4.0,1458941924
24,17,4.0,1458941695
24,30,3.0,1458943936
24,64,3.5,1458941753
24,46,2.5,1458941272
24,30,3.5,1458941291
24,43,4.0,1458941144
24,60,4.0,1458941533
24,64,3.5,1458941896
24,16,4.0,1458943925
24,29,3.5,1458941823
24,60,4.5,1458941985
24,17,2.0,1458941220
24,21,4.0,1458941548
24,59,4.0,1458941850
24,21,4.0,1458941756
24,33,3.5,1458941231
24,4,4.0,1458943981
24,31,3.5,1458941858
24,20,4.0,1458941759
24,22,3.5,1458940978
24,47,3.5,1458940973
24,41,4.5,1458941650
24,55,4.0,1458941561
24,8,3.0,1458941621
24,34,4.0,1458941243
24,67,4.0,1458944146
24,17,3.0,1458941589
24,64,2.0,1458944234
24,26,4.5,1458941335
24,30,4.0,1458941625
24,27,3.5,1458941192
24,67,3.0,1458941029
24,35,4.5,1458941571
24,25,3.5,1458941948
24,41,3.0,1458941958
24,64,3.5,1458941855
24,57,3.5,1458941506
24,22,4.0,1458941084
24,44,4.0,1458941952
24,2,4.0,1458941565
24,13,3.0,1458944130
24,15,4.0,1458941000
24,56,3.0,1458941035
24,7,3.5,1458941633
24,27,4.0,1458941627
24,22,3.5,1458941098
24,60,4.0,1458941553
24,60,3.5,1458941859
24,59,4.0,1458941530
24,58,4.0,1458941057
24,55,3.5,1458941901
24,21,3.5,1458941725
24,16,3.0,1458941827
24,34,3.0,1458941780
24,60,4.0,1458941955
24,55,3.0,1458941086
24,39,3.0,1458941578
24,13,4.0,1458941567
24,50,3.0,1458941342
24,61,4.0,1458941613
24,51,4.0,1458943976
24,10,4.0,1458941535
24,6,4.0,1458944025
24,25,4.0,1458941551
24,52,3.5,1458941594
24,57,4.0,1458941732
24,7,3.5,1458941632
24,58,3.0,1458941709
24,46,3.5,1458941328
24,19,3.5,1458941550
24,50,4.0,1458941646
24,6,3.5,1458941967
24,48,4.0,1458976352
24,31,4.0,1458941964
24,44,2.5,1458941460
24,20,4.0,1458941969
24,27,3.0,1458942069
25,44,4.0,1535470451
25,43,5.0,1535470429
25,15,5.0,1535470432
25,41,5.0,1535470495
25,16,5.0,1535470505
25,1,5.0,1535470427
25,51,5.0,1535470497
25,46,5.0,1535470421
25,37,5.0,1535470419
25,29,5.0,1535470418
25,6,5.0,1535470524
25,20,4.0,1535470521
25,14,5.0,1535470523
25,36,5.0,1535470515
25,12,5.0,1535470493
25,18,4.5,1535470529
25,35,5.0,1535470428
25,18,5.0,1535470498
25,1,5.0,1535470507
25,37,5.0,1535470461
25,27,4.5,1535470504
25,38,4.0,1535470469
25,37,5.0,1535470532
25,5,5.0,1535470476
25,64,4.0,1535470472
25,56,5.0,1535470534
26,10,3.0,836950403
26,34,3.0,836950483
26,47,4.0,836950431
26,35,3.0,836950245
26,30,3.0,836950286
26,50,4.0,836950286
26,17,3.0,836950403
26,20,2.0,836950403
26,8,3.0,836950483
26,33,3.0,836950431
26,32,4.0,836950245
26,40,3.0,836950431
26,35,3.0,836950286
26,19,3.0,836950286
26,33,3.0,836950483
26,46,3.0,836950245
26,46,2.0,836950379
26,15,4.0,836950483
26,36,4.0,836950379
26,7,4.0,836950245
26,24,4.0,836950379
27,1,3.0,962685262
27,2,4.0,962685711
27,34,5.0,962685351
27,48,4.0,962685318
27,60,3.0,962685387
27,62,5.0,962684909
27,11,2.0,962685762
27,10,2.0,962685387
27,35,3.0,962685525
27,41,4.0,962686637
27,22,4.0,962685941
27,17,5.0,965149932
27,17,4.0,962685351
27,18,4.0,965150022
27,5,3.0,962685262
27,5,3.0,962685569
27,27,4.0,962685912
27,47,4.0,962685883
27,8,4.0,962685262
27,16,4.0,962685941
27,55,3.0,962685569
27,4,2.0,962685762
27,37,3.0,962685941
27,3,5.0,962686299
27,38,3.0,962686571
27,26,4.0,962685470
27,30,2.0,962685525
27,66,4.0,962685711
27,8,4.0,965149631
27,9,5.0,965149512
27,47,4.0,965151031
27,55,4.0,962686447
27,45,2.0,962686660
27,17,4.0,965149694
27,40,4.0,962685883
27,63,2.0,962686260
27,38,4.0,962685966
27,63,4.0,962685525
27,44,4.0,965149756
27,6,5.0,965149533
27,41,4.0,965149552
27,48,5.0,962686711
27,8,4.0,965150230
27,65,4.0,962686730
27,28,5.0,962686041
27,66,4.0,962686386
27,45,5.0,965150190
27,38,5.0,965150190
27,61,1.0,962686447
27,46,4.0,965149552
27,55,5.0,962686825
27,25,4.0,962684909
27,7,1.0,962684822
27,30,2.0,965149490
27,20,4.0,962686417
27,66,5.0,962686386
27,15,5.0,965151115
27,36,4.0,965149456
27,39,5.0,965149756
27,59,3.0,965149456
27,10,3.0,962685883
27,46,2.0,962686343
27,38,3.0,962686682
27,6,3.0,962685802
27,27,2.0,962685318
27,50,3.0,962686758
27,14,4.0,962686711
27,15,2.0,962685470
27,56,3.0,962685525
27,21,5.0,965149814
27,8,4.0,965150368
27,52,4.0,962685318
27,15,2.0,962685711
27,26,5.0,965149512
27,4,3.0,962686509
27,51,4.0,965150068
27,64,2.0,962686805
27,64,2.0,962686260
27,38,4.0,962685470
27,61,4.0,965149992
27,32,3.0,962685470
27,57,4.0,965149710
27,2,3.0,965149586
27,32,4.0,965150412
27,18,4.0,965149969
27,35,4.0,965150230
27,22,3.0,962685569
27,6,5.0,965150954
27,1,5.0,965150942
27,61,4.0,965149969
27,40,2.0,965149969
27,22,2.0,962685318
27,10,2.0,965151086
27,55,3.0,962685318
27,54,4.0,965150256
27,42,4.0,965151172
27,60,5.0,965150090
27,21,4.0,965149571
27,32,3.0,965151252
27,28,3.0,965151214
27,55,5.0,965149694
27,8,5.0,965151428
27,7,4.0,962686758
27,26,4.0,962685387
27,15,3.0,962685711
27,30,2.0,962685525
27,44,2.0,962685470
27,12,4.0,965149533
27,37,4.0,965149552
27,5,1.0,965150213
27,51,2.0,965151190
27,41,4.0,965150115
27,16,4.0,962686486
27,62,4.0,965150213
27,27,4.0,962685262
27,11,3.0,962685262
27,40,2.0,965149621
27,26,3.0,962684796
27,45,4.0,965149469
27,42,4.0,962686549
27,27,5.0,965149512
27,19,4.0,962686637
27,10,4.0,965149969
27,4,5.0,965150022
27,29,4.0,965150115
27,2,3.0,965149901
27,36,4.0,962685074
27,29,4.0,962686529
27,31,4.0,965149571
27,59,1.0,965150504
27,38,3.0,962685032
27,57,3.0,965149357
27,3,1.0,965149421
27,16,4.0,965149368
27,42,2.0,962686409
28,6,3.5,1234570483
28,16,2.5,1234570375
28,21,3.0,1242290535
28,23,1.5,1242290862
28,31,2.5,1234334920
28,32,3.5,1234335329
28,47,3.0,1235975946
28,50,3.5,1234337966
28,62,3.5,1242290542
28,61,2.0,1234516201
28,44,3.5,1234515793
28,54,1.5,1242290926
28,21,2.5,1242289858
28,6,3.0,1242032929
28,45,3.0,1277002294
28,52,3.0,1242107980
28,51,3.0,1234334917
28,25,3.0,1242033136
28,24,4.0,1234338579
28,28,3.0,1234570350
28,39,4.5,1234338073
28,15,4.5,1234338046
28,66,2.0,1242288446
28,64,4.0,1277002153
28,33,3.5,1234338000
28,53,3.5,1242031731
28,28,4.0,1242290330
28,40,3.0,1234516073
28,60,3.0,1242033139
28,54,4.0,1243837724
28,40,1.5,1234516131
28,28,2.5,1240817486
28,31,1.0,1234516283
28,27,2.0,1235806094
28,26,3.0,1234515692
28,49,2.5,1234515703
28,48,4.0,1234334912
28,12,2.5,1234515708
28,34,3.0,1242290652
28,23,4.0,1242032956
28,32,3.5,1242032407
28,11,3.5,1242032861
28,51,3.0,1234570054
28,46,3.5,1234571468
28,63,4.0,1234335500
28,14,3.0,1242032366
28,65,3.0,1234515790
28,34,4.5,1234515689
28,54,4.0,1242290279
28,40,2.5,1234516064
28,66,2.5,1234570144
28,66,3.0,1234514490
28,10,3.0,1243837137
28,33,3.0,1242288183
28,21,2.5,1242290414
28,50,3.5,1240211636
28,58,3.5,1234570614
28,61,1.5,1234334947
28,37,1.0,1234516070
28,30,2.5,1234516417
28,8,3.5,1235806117
28,49,3.0,1234516111
28,64,2.0,1242033023
28,11,4.5,1234338178
28,20,3.0,1243837286
28,12,2.0,1234334934
28,42,3.0,1234516770
28,32,2.0,1234516298
28,46,2.0,1234515645
28,23,2.5,1242290453
28,14,3.5,1234334914
28,57,3.5,1243837515
28,9,3.0,1234338253
28,57,2.5,1242290949
28,9,3.0,1234570537
28,25,3.0,1234516135
28,6,3.0,1234334932
28,54,2.5,1234516167
28,47,3.5,1234338716
28,40,3.0,1243837744
28,43,4.0,1234338139
28,31,2.5,1243837364
28,50,2.5,1234569517
28,32,2.0,1243837575
28,53,4.0,1234338743
28,23,4.0,1234338285
28,66,2.5,1234516765
28,8,3.0,1234516758
28,16,3.0,1235805640
28,43,4.0,1234515113
28,18,4.0,1234338180
28,6,3.5,1234338454
28,41,3.5,1234515861
28,53,4.0,1234338282
28,21,4.0,1234338173
28,31,2.0,1243837368
28,18,3.5,1234338465
28,9,3.0,1234569526
28,58,4.5,1234515680
28,46,3.5,1234338202
28,2,4.0,1234515648
28,17,3.5,1277001848
28,63,4.0,1243837314
28,49,4.5,1234338735
28,27,2.0,1234334960
28,39,2.0,1234337747
28,45,3.5,1234338468
28,25,3.0,1235805655
28,62,3.5,1234337804
28,35,4.0,1234338775
28,58,4.0,1234334902
28,60,2.5,1234571939
28,59,2.5,1242290702
28,31,3.0,1234570448
28,66,3.0,1277002141
28,3,2.5,1242290662
28,54,4.5,1234336847
28,62,3.0,1234516117
28,26,3.5,1242290563
28,55,2.5,1234516422
28,13,3.0,1277002267
28,61,2.0,1242290718
28,38,4.5,1234515687
28,50,3.0,1235975955
28,27,2.0,1242032374
28,60,2.5,1242290294
28,52,2.5,1242033151
28,60,3.5,1234572121
28,14,2.0,1242289781
28,12,1.5,1242289815
28,29,3.0,1235806527
28,46,2.5,1242031770
28,61,4.0,1242031360
28,40,3.5,1277001863
28,45,3.0,1242032528
28,7,3.5,1242032383
28,53,2.5,1242032351
28,28,4.0,1234572108
28,13,4.0,1234338731
28,44,2.5,1234334964
28,59,2.0,1234515694
28,20,2.5,1242290920
28,19,5.0,1234334942
28,9,3.5,1234516183
28,26,3.5,1234515641
28,24,2.0,1242290303
28,37,1.5,1242290877
28,34,4.0,1234334929
28,49,3.5,1234337742
28,61,3.5,1234338803
28,31,2.5,1242288296
28,39,2.0,1242033049
28,25,3.0,1242031764
28,28,2.5,1242290244
28,54,4.0,1234515996
28,62,2.5,1234569909
28,24,2.5,1242290159
28,62,4.0,1242031785
28,45,2.0,1234516006
28,38,2.0,1234516502
28,41,3.5,1242290428
28,61,4.5,1234516086
28,49,2.0,1234338784
28,64,1.5,1242290775
28,47,3.0,1234338189
28,29,4.0,1234338350
28,25,3.5,1234335075
28,21,3.0,1242287649
28,32,4.0,1234516355
28,7,2.5,1242290871
28,64,3.0,1234569659
28,32,1.5,1234516443
28,46,3.0,1242290771
28,42,1.5,1234515987
28,40,3.0,1234570602
28,1,2.0,1242290637
28,29,2.5,1242289152
28,55,4.0,1234338144
28,45,3.0,1242288232
28,9,2.5,1242288441
28,40,3.0,1242290561
28,60,3.5,1234515124
28,53,3.0,1234515633
28,12,2.5,1242106555
28,2,3.5,1234338005
28,22,4.0,1234334945
28,9,3.0,1277002126
28,17,2.5,1243837492
28,38,2.5,1234334969
28,66,3.0,1242032934
28,8,3.0,1277002147
28,25,3.0,1242290417
28,7,4.0,1242032411
28,39,2.5,1242031396
28,17,2.0,1242290922
28,54,2.5,1234570479
28,17,2.5,1277002264
28,1,2.5,1234337236
28,41,2.0,1242290846
28,53,2.5,1242290443
28,6,1.5,1242290498
28,39,3.0,1242290485
28,19,2.5,1242031255
28,9,3.0,1235805650
28,62,2.5,1234570524
28,45,4.0,1242033046
28,28,3.0,1242032417
28,57,2.5,1242289707
28,39,3.0,1242289079
28,2,3.0,1234569650
28,62,4.0,1242290937
28,45,3.5,1234336470
28,56,4.0,1234338619
28,36,2.5,1236314754
28,67,4.0,1242288907
28,11,4.0,1234571883
28,6,2.5,1242288921
28,45,3.0,1242290472
28,23,3.5,1234338164
28,51,3.0,1242032361
28,45,4.5,1234338748
28,26,3.0,1242290213
28,39,4.0,1242033133
28,23,2.5,1243837349
28,37,3.5,1234516154
28,37,3.0,1242289161
28,38,4.0,1234515839
28,37,3.5,1234338535
28,7,2.5,1234338153
28,10,3.5,1234337751
28,66,2.0,1234334925
28,24,4.0,1236313787
28,10,3.5,1234516011
28,3,3.0,1234334923
28,60,3.5,1242031893
28,58,2.0,1234338572
28,34,3.0,1236315133
28,24,4.0,1236319976
28,36,3.0,1242290171
28,2,3.0,1242290656
28,6,2.5,1234515852
28,25,3.5,1234338576
28,28,3.0,1242290247
28,32,3.0,1242288498
28,3,3.5,1242290467
28,60,3.5,1242031777
28,3,3.0,1236313568
28,59,3.5,1242031374
28,17,2.0,1235976182
28,25,4.0,1242032494
28,29,3.5,1234337963
28,66,2.5,1242290762
28,14,2.0,1237619121
28,17,3.5,1234338745
28,17,2.5,1277002280
28,35,1.0,1234516387
28,48,3.0,1242290689
28,43,3.0,1242289915
28,58,3.5,1277002284
28,57,3.0,1235975740
28,62,2.5,1240817515
28,10,3.5,1236314250
28,38,2.0,1242290187
28,7,2.0,1242289083
28,6,2.5,1234514717
28,63,3.0,1277001932
28,47,4.0,1234335490
28,40,2.5,1236314736
28,36,3.0,1234338192
28,24,3.0,1236313511
28,18,2.5,1242290723
28,58,4.5,1234340468
28,50,2.5,1242289767
28,53,4.5,1234340571
28,9,3.0,1242289147
28,9,3.5,1243837736
28,11,3.0,1242288954
28,40,3.5,1234515706
28,1,4.0,1234516357
28,51,3.5,1234569648
28,16,3.5,1234516004
28,28,3.0,1237619224
28,57,3.0,1242288783
28,35,3.0,1277002131
28,14,2.0,1242289900
28,65,2.0,1234340430
28,15,2.5,1242290315
28,38,3.0,1234515119
28,20,2.5,1242108379
28,10,3.5,1234338175
28,59,4.5,1234338696
28,36,3.0,1234572104
28,5,3.0,1242290271
28,51,3.5,1234338346
28,28,3.0,1236319971
28,19,2.0,1242290554
28,59,3.5,1236314244
28,32,3.0,1234337599
28,23,1.5,1234516438
28,60,1.5,1242290481
28,28,2.5,1234515699
28,33,3.5,1234516336
28,56,2.0,1242290221
28,44,3.0,1234571930
28,41,3.0,1234572111
28,23,2.5,1234516304
28,7,4.0,1234516415
28,11,2.0,1242031882
28,8,1.5,1242290928
28,8,2.5,1237619395
28,20,3.5,1242288458
28,25,4.0,1242032404
28,64,2.5,1236314713
28,21,2.0,1240817387
28,21,2.5,1243837639
28,24,3.0,1242032439
28,45,4.0,1240211660
28,57,3.0,1236228466
28,4,4.0,1234515778
28,51,3.5,1242288799
28,44,3.5,1234516339
28,38,3.5,1234515870
28,56,3.0,1236313576
28,35,3.0,1242290204
28,16,3.0,1242033113
28,60,1.5,1243837374
28,28,3.0,1242289886
28,43,3.5,1242289903
28,24,2.5,1235805921
28,12,2.0,1236314730
28,66,3.0,1242032858
28,17,3.5,1242032883
28,62,3.5,1234338343
28,48,3.0,1240211839
28,63,2.5,1277001831
28,12,4.0,1234341377
28,65,2.0,1242288761
28,13,4.0,1234516149
28,58,4.5,1234337756
28,60,2.0,1235976155
28,12,4.0,1235975729
28,65,4.5,1234337227
28,11,5.0,1234337731
28,11,2.5,1243837355
28,12,4.0,1235806217
28,43,4.0,1234570622
28,15,3.5,1234338471
28,46,2.5,1234516204
28,50,4.0,1242290283
28,1,3.0,1237619403
28,23,2.5,1236311537
28,37,4.5,1234337791
28,63,3.0,1234572135
28,4,3.0,1242290779
28,38,4.0,1234516108
28,16,3.5,1236314239
28,47,3.5,1234340436
28,57,3.0,1234516426
28,38,2.0,1243837559
28,60,2.0,1234337380
28,18,2.5,1242289874
28,1,2.5,1236313688
28,32,4.0,1234338550
28,43,3.0,1234570527
28,40,3.5,1243837502
28,23,3.0,1236313795
28,28,2.5,1234516433
28,5,3.0,1242288165
28,15,2.0,1234515866
28,26,4.0,1235975723
28,30,4.0,1235975772
28,62,3.5,1242289677
28,21,3.5,1242031891
28,27,3.0,1234514493
28,5,2.5,1234850414
28,17,2.5,1242032514
28,21,2.5,1234850089
28,56,4.5,1234335514
28,33,1.0,1242290224
28,63,2.0,1234850044
28,67,3.5,1234338340
28,29,4.0,1234341382
28,3,4.0,1234337586
28,6,3.0,1242288990
28,12,3.0,1234570410
28,27,3.0,1235805645
28,38,3.0,1242288487
28,28,2.5,1242290865
28,12,3.5,1277001858
28,43,3.0,1277002101
28,24,2.0,1236313784
28,3,4.0,1234515711
28,58,3.0,1235806520
28,53,4.0,1234341077
28,53,2.0,1234516121
28,57,4.5,1234338148
28,5,3.5,1234516420
28,7,3.0,1234516309
28,45,3.0,1234516113
28,54,4.5,1234335507
28,32,3.5,1242288890
28,44,2.5,1242288187
28,15,2.5,1236314245
28,42,3.0,1242033038
28,5,4.0,1234337635
28,4,3.5,1277002259
28,34,2.5,1234570516
28,5,3.0,1235806532
28,63,2.0,1234341011
28,62,4.5,1234337997
28,24,2.0,1236313815
28,28,3.5,1234338567
28,59,3.5,1242290492
28,14,3.0,1242289778
28,3,3.0,1240816043
28,38,2.5,1242288972
28,44,2.0,1236313806
28,52,2.5,1236313271
28,29,2.5,1234516078
28,41,2.5,1242290573
28,13,4.5,1234341471
28,65,3.0,1234515787
28,19,2.5,1234340470
28,41,4.0,1234341071
28,37,3.0,1242033072
28,2,3.0,1277002331
28,63,2.5,1242290327
28,14,3.0,1234515844
28,16,4.5,1234338584
28,42,2.0,1235806205
28,3,3.0,1234571477
28,25,3.0,1234337349
28,47,2.0,1234337337
28,35,2.0,1236313534
28,11,2.0,1243837448
28,32,2.5,1236319973
28,63,3.0,1242288778
28,12,2.0,1234570360
28,43,3.0,1236314716
28,9,3.5,1234337674
28,43,2.5,1242290768
28,26,4.0,1242290334
28,29,2.5,1234340364
28,31,3.0,1234338028
28,48,3.0,1234335493
28,34,1.5,1234338427
28,48,2.5,1242032873
28,57,2.5,1242109131
28,1,4.0,1235975785
28,2,3.5,1234338817
28,23,2.5,1234572138
28,48,4.5,1234337638
28,63,2.5,1242290424
28,55,3.0,1242289880
28,46,3.0,1236228709
28,62,3.0,1234337590
28,31,2.0,1242290759
28,36,2.0,1242109122
28,41,1.0,1234338068
28,36,3.0,1234340433
28,67,2.0,1236313693
28,9,4.5,1234515873
28,66,2.5,1242289917
28,41,2.5,1240211511
28,57,2.0,1236313504
28,61,2.5,1234338628
28,22,2.5,1234572127
28,25,2.0,1242288430
28,53,3.5,1234338058
28,38,5.0,1234341270
28,47,1.5,1242290446
28,60,2.5,1234337605
28,55,1.0,1234335379
28,30,2.5,1242032400
28,47,4.0,1234338764
28,4,3.5,1242032422
28,38,2.5,1234340486
28,39,2.5,1234340488
28,61,3.5,1234338456
28,29,2.5,1242289755
28,61,3.5,1234570629
28,43,3.0,1234340443
28,44,4.0,1234338278
28,66,3.5,1234338544
28,51,2.5,1242288903
28,51,2.5,1234570192
28,10,3.0,1235975952
28,8,3.0,1236315140
28,28,3.5,1234340956
28,44,2.5,1234341008
28,9,4.5,1234338039
28,12,3.5,1234338625
28,10,1.0,1242032944
28,6,4.0,1277001923
28,38,2.5,1243837445
28,59,3.0,1242289053
28,41,2.5,1240211643
28,62,3.0,1234340899
28,21,2.0,1235805913
28,1,2.0,1242290495
28,44,2.0,1242289912
28,61,4.0,1242289883
28,8,4.0,1234338182
28,45,0.5,1234335308
28,48,3.5,1234337988
28,20,3.0,1242290671
28,31,4.5,1235806122
28,4,2.5,1234853569
28,53,4.5,1234338546
28,17,4.0,1234338711
28,35,2.0,1235975904
28,56,3.0,1234572131
28,21,3.5,1242033012
28,64,4.0,1234338025
28,62,4.0,1234335266
28,40,2.5,1242290262
28,45,2.5,1234853684
28,24,4.0,1240817508
28,29,2.5,1234853778
28,44,3.0,1234570390
28,1,3.0,1234854184
28,20,4.5,1234336526
28,61,2.0,1234850432
28,40,2.0,1234854178
28,5,2.0,1242290318
28,25,4.0,1234853871
28,53,3.5,1234850150
28,54,2.5,1234338142
28,7,2.0,1234854175
28,9,2.5,1234853862
28,20,3.5,1234335260
28,14,3.0,1234853868
28,19,2.0,1234853784
28,47,3.0,1234853673
28,3,2.5,1234338810
28,55,2.5,1234853561
28,66,2.0,1234853555
28,50,2.5,1234853233
28,46,3.0,1234853237
28,51,3.5,1234853223
28,18,3.5,1234335269
28,61,3.0,1242107787
28,2,4.0,1234337982
28,57,3.0,1234853160
28,16,2.0,1235975882
28,22,3.5,1234340334
28,28,3.0,1234850172
28,46,2.5,1235975894
28,13,4.0,1234570126
28,59,4.0,1234850141
28,42,3.0,1240816020
28,8,4.5,1234341141
28,58,2.5,1242288321
28,12,3.5,1234850075
28,51,3.5,1234850034
28,17,2.5,1234340341
28,33,3.0,1277002092
28,11,3.0,1242883379
28,8,3.0,1242883383
28,14,3.0,1277001822
28,52,3.5,1242883367
28,32,3.5,1242883340
28,42,4.5,1277002158
28,59,3.5,1277002828
28,23,4.5,1277001890
28,57,1.5,1277002289
28,3,2.5,1277001836
28,55,3.5,1277001895
28,45,2.0,1277002257
28,67,5.0,1277001853
29,50,3.5,1308007653
29,33,4.0,1362016794
29,32,4.0,1362016840
29,50,3.0,1307905797
29,30,3.5,1362016789
29,51,4.0,1362016849
29,30,4.5,1307907071
29,49,4.5,1362016780
29,36,4.5,1310788122
29,54,4.0,1362016798
29,47,4.5,1307907013
29,9,4.5,1307945605
29,29,4.0,1362016608
29,22,5.0,1307906672
29,3,5.0,1307906372
29,34,3.5,1307905898
29,55,4.0,1308084085
29,14,4.5,1307906966
29,35,5.0,1307907031
29,42,4.5,1308084015
29,31,4.0,1308084034
29,63,4.5,1308025043
29,25,4.0,1308025032
29,41,4.0,1308084128
29,4,4.0,1307905945
29,50,4.0,1307908267
29,5,5.0,1308024986
29,55,4.5,1307906969
29,7,4.0,1307906647
29,3,5.0,1308084090
29,64,4.5,1308084157
29,23,2.0,1307905878
29,11,5.0,1405816272
29,26,5.0,1315262432
29,4,1.5,1307906072
29,3,3.0,1307905957
29,24,4.0,1362016593
29,61,4.5,1307905911
29,11,5.0,1362016835
29,24,4.0,1307905970
29,44,3.0,1307905816
29,18,3.5,1307905804
29,31,4.5,1307905862
29,46,4.0,1307905845
29,43,4.5,1307907122
29,26,4.5,1362016600
29,19,3.5,1307906080
29,22,5.0,1362016881
29,54,3.0,1307906057
29,47,4.0,1307907026
29,15,4.0,1405816293
29,20,4.0,1307906981
29,14,2.0,1307906020
29,2,4.0,1405816200
29,66,4.5,1405816207
29,41,5.0,1308084202
29,49,4.5,1405816264
29,6,4.5,1307945581
29,3,4.5,1307906727
29,36,3.5,1311834931
29,6,4.0,1309069525
29,8,4.0,1308138832
29,31,5.0,1362016752
29,12,4.5,1308084039
29,33,4.5,1307906679
29,16,4.0,1307948222
29,16,4.0,1308084198
29,43,4.0,1309069586
29,52,4.5,1310804277
29,4,5.0,1307906345
29,2,4.0,1307906685
29,10,4.0,1362016591
29,19,4.0,1307907049
29,42,5.0,1310787896
29,14,3.5,1307906652
29,48,4.5,1309585079
29,67,4.5,1362016565
29,66,4.5,1362016549
29,43,4.0,1405816277
29,41,4.5,1405816130
29,32,4.0,1405816122
30,58,5.0,1500370456
30,31,5.0,1500370339
30,28,5.0,1500370344
30,13,3.5,1500370430
30,61,4.0,1500370436
30,45,5.0,1500370341
30,28,5.0,1500370343
30,51,3.0,1500370434
30,10,5.0,1500370347
30,39,3.5,1500370449
30,25,5.0,1500370351
30,2,5.0,1500370345
30,6,5.0,1500370423
30,9,5.0,1500370399
30,36,5.0,1500370349
30,1,5.0,1500370439
30,41,5.0,1500370398
30,25,5.0,1500370444
30,26,5.0,1500370453
30,32,5.0,1500370441
30,32,5.0,1500370450
30,44,5.0,1500370425
30,9,5.0,1500370452
30,43,5.0,1500370378
30,36,5.0,1500370369
30,66,5.0,1500370373
30,64,4.0,1500370371
30,29,4.0,1500370367
30,23,5.0,1500370443
30,66,5.0,1500370446
30,66,5.0,1500370426
30,61,5.0,1500370457
30,58,4.0,1500370376
30,27,5.0,1500370440
